,family,test,estimate,t,p,abs_t_equiv,m_family,p_holm,p_bh,sig_raw,sig_holm,sig_bh,pass_HLZ_t3
0,10m_daily_KR,상승 총영향: Σβ = 0 | 미래 RSp h=1,-0.7083679075524735,-1.7830057115398132,0.0745853735871477,1.7830057115398132,18.0,0.4475122415228862,0.09913824166702126,False,False,False,False
1,10m_daily_KR,하락 총영향: Σβ = 0 | 미래 RSp h=1,1.6155177539879264,2.1548634865642846,0.0311725184214767,2.1548634865642846,18.0,0.311725184214767,0.0623450368429534,True,False,False,False
2,10m_daily_KR,합계: Σβ⁻ − Σβ⁺ | 미래 RSp h=1,2.3238856615404,2.06468395192967,0.0389529140009554,2.06468395192967,18.0,0.34114656145222977,0.06374113200156338,True,False,False,False
3,10m_daily_KR,상승 총영향: Σβ = 0 | 미래 RSn h=1,0.024730052469322,0.3521079372749532,0.7247573160174865,0.3521079372749532,18.0,1.0,0.7247573160174865,False,False,False,False
4,10m_daily_KR,하락 총영향: Σβ = 0 | 미래 RSn h=1,0.0926185222024497,0.5468847134863237,0.5844579384454591,0.5468847134863237,18.0,1.0,0.6575151807511415,False,False,False,False
5,10m_daily_KR,합계: Σβ⁻ − Σβ⁺ | 미래 RSn h=1,0.0678884697331276,0.36889521255597446,0.7122058319101989,0.36889521255597446,18.0,1.0,0.7247573160174865,False,False,False,False
6,10m_daily_KR,상승 총영향: Σβ = 0 | 미래 RV h=1,-0.6836378550831513,-1.767721216398704,0.0771075212965721,1.767721216398704,18.0,0.4475122415228862,0.09913824166702126,False,False,False,False
7,10m_daily_KR,하락 총영향: Σβ = 0 | 미래 RV h=1,1.7081362761903762,2.592754997803823,0.0095210570036817,2.592754997803823,18.0,0.1428158550552255,0.04085074731340507,True,False,True,False
8,10m_daily_KR,합계: Σβ⁻ − Σβ⁺ | 미래 RV h=1,2.3917741312735274,2.362423509945128,0.0181558876948467,2.362423509945128,18.0,0.21199528553513958,0.04085074731340507,True,False,True,False
9,10m_daily_KR,상승 총영향: Σβ = 0 | 미래 RSp h=5,-0.2313588562155748,-2.011909305813249,0.0442294982652976,2.011909305813249,18.0,0.34114656145222977,0.06634424739794641,True,False,False,False
10,10m_daily_KR,하락 총영향: Σβ = 0 | 미래 RSp h=5,0.7108109093412212,2.490350962072175,0.01276170066824,2.490350962072175,18.0,0.17866380935536,0.04085074731340507,True,False,True,False
11,10m_daily_KR,합계: Σβ⁻ − Σβ⁺ | 미래 RSp h=5,0.942169765556796,2.381151860405257,0.0172585955018809,2.381151860405257,18.0,0.21199528553513958,0.04085074731340507,True,False,True,False
12,10m_daily_KR,상승 총영향: Σβ = 0 | 미래 RSn h=5,-0.1219276344428843,-2.4019636304539933,0.0163073296565492,2.4019636304539933,18.0,0.21199528553513958,0.04085074731340507,True,False,True,False
13,10m_daily_KR,하락 총영향: Σβ = 0 | 미래 RSn h=5,0.2716376262169325,1.4344295278446766,0.151449726315179,1.4344295278446766,18.0,0.605798905260716,0.1817396715782148,False,False,False,False
14,10m_daily_KR,합계: Σβ⁻ − Σβ⁺ | 미래 RSn h=5,0.3935652606598168,2.075878674843222,0.0379051734946922,2.075878674843222,18.0,0.34114656145222977,0.06374113200156338,True,False,False,False
15,10m_daily_KR,상승 총영향: Σβ = 0 | 미래 RV h=5,-0.3532864906584591,-3.3213037181617637,0.0008959797864918,3.3213037181617637,18.0,0.0143356765838688,0.0053758787189508,True,True,True,True
16,10m_daily_KR,하락 총영향: Σβ = 0 | 미래 RV h=5,0.9824485355581531,4.391484431709858,1.1257939787145905e-05,4.391484431709858,18.0,0.00019138497638148037,0.00010132145808431315,True,True,True,True
17,10m_daily_KR,합계: Σβ⁻ − Σβ⁺ | 미래 RV h=5,1.3357350262166123,4.989874499989054,6.041853275764743e-07,4.989874499989054,18.0,1.0875335896376538e-05,1.0875335896376538e-05,True,True,True,True
18,10m_daily_US,상승 총영향: Σβ = 0 | 미래 RSp h=1,0.1960239840965683,0.9524117346504868,0.3408882105109434,0.9524117346504868,18.0,1.0,0.4090658526131321,False,False,False,False
19,10m_daily_US,하락 총영향: Σβ = 0 | 미래 RSp h=1,2.275650902405077,2.422182320154718,0.0154276081560217,2.422182320154718,18.0,0.1697036897162387,0.03471211835104882,True,False,True,False
20,10m_daily_US,합계: Σβ⁻ − Σβ⁺ | 미래 RSp h=1,2.079626918308509,2.181354043625699,0.0291572399784325,2.181354043625699,18.0,0.2624151598058925,0.0524830319611785,True,False,False,False
21,10m_daily_US,상승 총영향: Σβ = 0 | 미래 RSn h=1,-0.2689401844709805,-2.2395684122143353,0.0251189553274635,2.2395684122143353,18.0,0.251189553274635,0.050237910654927,True,False,False,False
22,10m_daily_US,하락 총영향: Σβ = 0 | 미래 RSn h=1,0.3465167888568828,1.1554375591879609,0.2479112886531066,1.1554375591879609,18.0,1.0,0.33833097105396936,False,False,False,False
23,10m_daily_US,합계: Σβ⁻ − Σβ⁺ | 미래 RSn h=1,0.6154569733278634,1.517634830929904,0.1291064811040982,1.517634830929904,18.0,1.0,0.1936597216561473,False,False,False,False
24,10m_daily_US,상승 총영향: Σβ = 0 | 미래 RV h=1,-0.0729162003744121,-0.42992154112410935,0.6672527152740773,0.42992154112410935,18.0,1.0,0.6672527152740773,False,False,False,False
25,10m_daily_US,하락 총영향: Σβ = 0 | 미래 RV h=1,2.62216769126196,2.7663636476326636,0.0056685284611107,2.7663636476326636,18.0,0.0850279269166605,0.019934189569587858,True,False,True,False
26,10m_daily_US,합계: Σβ⁻ − Σβ⁺ | 미래 RV h=1,2.695083891636372,2.7361126011995016,0.0062169748639036,2.7361126011995016,18.0,0.0870376480946504,0.019934189569587858,True,False,True,False
27,10m_daily_US,상승 총영향: Σβ = 0 | 미래 RSp h=5,-0.0912376519327275,-0.6538136366743754,0.5132318797939768,0.6538136366743754,18.0,1.0,0.5720147823495703,False,False,False,False
28,10m_daily_US,하락 총영향: Σβ = 0 | 미래 RSp h=5,1.7221598296443923,3.2739315513396297,0.0010606229964369,3.2739315513396297,18.0,0.0190912139358642,0.0190912139358642,True,True,True,True
29,10m_daily_US,합계: Σβ⁻ − Σβ⁺ | 미래 RSp h=5,1.81339748157712,2.7881955676809818,0.0053002536772404,2.7881955676809818,18.0,0.0848040588358464,0.019934189569587858,True,False,True,False
30,10m_daily_US,상승 총영향: Σβ = 0 | 미래 RSn h=5,-0.1851105970147087,-2.6717770802031007,0.0075450752983098,2.6717770802031007,18.0,0.09808597887802739,0.019934189569587858,True,False,True,False
31,10m_daily_US,하락 총영향: Σβ = 0 | 미래 RSn h=5,0.1384374321831888,0.6124558751961036,0.5402361833301498,0.6124558751961036,18.0,1.0,0.5720147823495703,False,False,False,False
32,10m_daily_US,합계: Σβ⁻ − Σβ⁺ | 미래 RSn h=5,0.3235480291978976,1.118985533264647,0.263146310819754,1.118985533264647,18.0,1.0,0.33833097105396936,False,False,False,False
33,10m_daily_US,상승 총영향: Σβ = 0 | 미래 RV h=5,-0.2763482489474362,-1.522484474143038,0.127887732746184,1.522484474143038,18.0,1.0,0.1936597216561473,False,False,False,False
34,10m_daily_US,하락 총영향: Σβ = 0 | 미래 RV h=5,1.860597261827581,2.9473282237747886,0.0032053278134207,2.9473282237747886,18.0,0.0544905728281519,0.019934189569587858,True,False,True,False
35,10m_daily_US,합계: Σβ⁻ − Σβ⁺ | 미래 RV h=5,2.1369455107750173,2.662676733905621,0.0077521848326175,2.662676733905621,18.0,0.09808597887802739,0.019934189569587858,True,False,True,False
36,10m_etf_KR,상승 총영향: Σβ = 0 | 미래 RSp h=1,-0.9715699806498764,-2.010964282106877,0.0443292295868805,2.010964282106877,18.0,0.5762799846294465,0.13298768876064151,True,False,False,False
37,10m_etf_KR,하락 총영향: Σβ = 0 | 미래 RSp h=1,1.5500150297228,3.5628530328969235,0.0003668460775249,3.5628530328969235,18.0,0.006603229395448201,0.006603229395448201,True,True,True,True
38,10m_etf_KR,합계: Σβ⁻ − Σβ⁺ | 미래 RSp h=1,2.521585010372676,2.7587352337845408,0.0058025526422515,2.7587352337845408,18.0,0.092840842276024,0.034815315853509,True,False,True,False
39,10m_etf_KR,상승 총영향: Σβ = 0 | 미래 RSn h=1,-0.5721735891741703,-1.1053195269452423,0.2690211596243547,1.1053195269452423,18.0,1.0,0.48423808732383844,False,False,False,False
40,10m_etf_KR,하락 총영향: Σβ = 0 | 미래 RSn h=1,1.11896039715612,2.44909577729156,0.0143215360051497,2.44909577729156,18.0,0.21482304007724548,0.05351924995331364,True,False,False,False
41,10m_etf_KR,합계: Σβ⁻ − Σβ⁺ | 미래 RSn h=1,1.6911339863302903,1.748202578976275,0.080428955197152,1.748202578976275,18.0,0.965147462365824,0.20681731336410514,False,False,False,False
42,10m_etf_KR,상승 총영향: Σβ = 0 | 미래 RV h=1,-1.5437435698240471,-1.652871562517886,0.0983570058127725,1.652871562517886,18.0,1.0,0.22130326307873813,False,False,False,False
43,10m_etf_KR,하락 총영향: Σβ = 0 | 미래 RV h=1,2.6689754268789194,3.312286436497297,0.0009253674782235,3.312286436497297,18.0,0.0157312471297995,0.0083283073040115,True,True,True,True
44,10m_etf_KR,합계: Σβ⁻ − Σβ⁺ | 미래 RV h=1,4.212718996702966,2.435615969679637,0.0148664583203649,2.435615969679637,18.0,0.21482304007724548,0.05351924995331364,True,False,False,False
45,10m_etf_KR,상승 총영향: Σβ = 0 | 미래 RSp h=5,0.0153284586653208,0.0575946351175018,0.9540715231371484,0.0575946351175018,18.0,1.0,0.9707212771717627,False,False,False,False
46,10m_etf_KR,하락 총영향: Σβ = 0 | 미래 RSp h=5,0.3651274605815554,1.4828992128396445,0.1381011906235383,1.4828992128396445,18.0,1.0,0.2762023812470766,False,False,False,False
47,10m_etf_KR,합계: Σβ⁻ − Σβ⁺ | 미래 RSp h=5,0.3497990019162346,0.7259975808409923,0.4678402535891499,0.7259975808409923,18.0,1.0,0.6537909991156124,False,False,False,False
48,10m_etf_KR,상승 총영향: Σβ = 0 | 미래 RSn h=5,0.2402892115567577,0.6776585680781527,0.497988201905911,0.6776585680781527,18.0,1.0,0.6537909991156124,False,False,False,False
49,10m_etf_KR,하락 총영향: Σβ = 0 | 미래 RSn h=5,0.2165049259740037,0.6611687330753986,0.5085041104232542,0.6611687330753986,18.0,1.0,0.6537909991156124,False,False,False,False
50,10m_etf_KR,합계: Σβ⁻ − Σβ⁺ | 미래 RSn h=5,-0.023784285582754,-0.03670367653151302,0.9707212771717628,0.03670367653151302,18.0,1.0,0.9707212771717627,False,False,False,False
51,10m_etf_KR,상승 총영향: Σβ = 0 | 미래 RV h=5,0.2556176702220784,0.4229373304846633,0.6723409854792342,0.4229373304846633,18.0,1.0,0.806809182575081,False,False,False,False
52,10m_etf_KR,하락 총영향: Σβ = 0 | 미래 RV h=5,0.5816323865555594,1.0316089490192002,0.3022553464318736,1.0316089490192002,18.0,1.0,0.4945996577976113,False,False,False,False
53,10m_etf_KR,합계: Σβ⁻ − Σβ⁺ | 미래 RV h=5,0.326014716333481,0.2954938693323758,0.7676166349368292,0.2954938693323758,18.0,1.0,0.8635687143039328,False,False,False,False
54,10m_etf_US,상승 총영향: Σβ = 0 | 미래 RSp h=1,0.9593806456168812,2.7093725060529783,0.006741060766597,2.7093725060529783,18.0,0.107856972265552,0.040446364599582,True,False,True,False
55,10m_etf_US,하락 총영향: Σβ = 0 | 미래 RSp h=1,-0.2116249079357429,-0.9677097248627664,0.3331893599290665,0.9677097248627664,18.0,0.360249658662936,0.3331893599290665,False,False,False,False
56,10m_etf_US,합계: Σβ⁻ − Σβ⁺ | 미래 RSp h=1,-1.1710055535526245,-2.096645527682952,0.0360249658662936,2.096645527682952,18.0,0.360249658662936,0.0639821617096827,True,False,False,False
57,10m_etf_US,상승 총영향: Σβ = 0 | 미래 RSn h=1,1.7258435888663683,2.7465540533006605,0.0060224960991584,2.7465540533006605,18.0,0.1023824336856928,0.040446364599582,True,False,True,False
58,10m_etf_US,하락 총영향: Σβ = 0 | 미래 RSn h=1,-0.771422464764197,-1.9667480508576867,0.0492122642833246,1.9667480508576867,18.0,0.360249658662936,0.06814005823844944,True,False,False,False
59,10m_etf_US,합계: Σβ⁻ − Σβ⁺ | 미래 RSn h=1,-2.497266053630565,-2.529074617865324,0.0114363710608245,2.529074617865324,18.0,0.1632466338800925,0.041170935818968205,True,False,True,False
60,10m_etf_US,상승 총영향: Σβ = 0 | 미래 RV h=1,2.685224234483249,2.864501697209836,0.0041766591647159,2.864501697209836,18.0,0.0751798649648862,0.040446364599582,True,False,True,False
61,10m_etf_US,하락 총영향: Σβ = 0 | 미래 RV h=1,-0.9830473726999398,-1.7978190975729413,0.0722056799452928,1.7978190975729413,18.0,0.360249658662936,0.0812313899384544,False,False,False,False
62,10m_etf_US,합계: Σβ⁻ − Σβ⁺ | 미래 RV h=1,-3.668271607183189,-2.5464298302970794,0.0108831089253395,2.5464298302970794,18.0,0.1632466338800925,0.041170935818968205,True,False,True,False
63,10m_etf_US,상승 총영향: Σβ = 0 | 미래 RSp h=5,1.297394854642853,2.0603069926996125,0.0393692018561785,2.0603069926996125,18.0,0.360249658662936,0.0639821617096827,True,False,False,False
64,10m_etf_US,하락 총영향: Σβ = 0 | 미래 RSp h=5,-0.6599878718988469,-1.5285800651026273,0.1263685810785412,1.5285800651026273,18.0,0.360249658662936,0.13380202702433774,False,False,False,False
65,10m_etf_US,합계: Σβ⁻ − Σβ⁺ | 미래 RSp h=5,-1.9573827265417,-1.8476787129515138,0.0646488352161839,1.8476787129515138,18.0,0.360249658662936,0.08044434753482749,False,False,False,False
66,10m_etf_US,상승 총영향: Σβ = 0 | 미래 RSn h=5,1.9998945291223131,2.3322141733892057,0.0196894269222633,2.3322141733892057,18.0,0.2559625499894229,0.0590682807667899,True,False,False,False
67,10m_etf_US,하락 총영향: Σβ = 0 | 미래 RSn h=5,-1.1914616413049748,-2.02707469355536,0.0426547744731218,2.02707469355536,18.0,0.360249658662936,0.0639821617096827,True,False,False,False
68,10m_etf_US,합계: Σβ⁻ − Σβ⁺ | 미래 RSn h=5,-3.191356170427288,-2.211357780004878,0.0270110710797094,2.211357780004878,18.0,0.309281954076834,0.06077490992934615,True,False,False,False
69,10m_etf_US,상승 총영향: Σβ = 0 | 미래 RV h=5,3.2972893837651664,2.229607730835913,0.0257734961730695,2.229607730835913,18.0,0.309281954076834,0.06077490992934615,True,False,False,False
70,10m_etf_US,하락 총영향: Σβ = 0 | 미래 RV h=5,-1.8514495132038225,-1.8314261826099052,0.0670369562790229,1.8314261826099052,18.0,0.360249658662936,0.08044434753482749,False,False,False,False
71,10m_etf_US,합계: Σβ⁻ − Σβ⁺ | 미래 RV h=5,-5.148738896968989,-2.071158483674505,0.0383439879368618,2.071158483674505,18.0,0.360249658662936,0.0639821617096827,True,False,False,False
72,10m_index_KR,상승 총영향: Σβ = 0 | 미래 RSp h=1,-1.1108727983916893,-2.092785888259289,0.0363682720957504,2.092785888259289,18.0,0.526000563136629,0.13092577954470144,True,False,False,False
73,10m_index_KR,하락 총영향: Σβ = 0 | 미래 RSp h=1,1.6673839362543523,3.517057094656473,0.0004363599101509,3.517057094656473,18.0,0.0078544783827162,0.0078544783827162,True,True,True,True
74,10m_index_KR,합계: Σβ⁻ − Σβ⁺ | 미래 RSp h=1,2.7782567346460416,2.777854402111701,0.0054719131208868,2.777854402111701,18.0,0.09302252305507559,0.0343009376465034,True,False,True,False
75,10m_index_KR,상승 총영향: Σβ = 0 | 미래 RSn h=1,-0.6675420556015176,-0.9844503851780244,0.3248941148544401,0.9844503851780244,18.0,1.0,0.5272277552941219,False,False,False,False
76,10m_index_KR,하락 총영향: Σβ = 0 | 미래 RSn h=1,1.1982855343682954,2.000694257782769,0.0454253486275212,2.000694257782769,18.0,0.5905295321577756,0.1362760458825636,True,False,False,False
77,10m_index_KR,합계: Σβ⁻ − Σβ⁺ | 미래 RSn h=1,1.865827589969813,1.4684589813309215,0.1419795904233512,1.4684589813309215,18.0,1.0,0.2839591808467024,False,False,False,False
78,10m_index_KR,상승 총영향: Σβ = 0 | 미래 RV h=1,-1.778414853993206,-1.5104770064971433,0.1309217522139425,1.5104770064971433,18.0,1.0,0.2839591808467024,False,False,False,False
79,10m_index_KR,하락 총영향: Σβ = 0 | 미래 RV h=1,2.865669470622647,2.7635962475632216,0.0057168229410839,2.7635962475632216,18.0,0.09302252305507559,0.0343009376465034,True,False,True,False
80,10m_index_KR,합계: Σβ⁻ − Σβ⁺ | 미래 RV h=1,4.644084324615854,2.1075872868237737,0.0350667042091086,2.1075872868237737,18.0,0.526000563136629,0.13092577954470144,True,False,False,False
81,10m_index_KR,상승 총영향: Σβ = 0 | 미래 RSp h=5,0.2796789960139743,0.8764681182355338,0.3807756010457547,0.8764681182355338,18.0,1.0,0.5272277552941219,False,False,False,False
82,10m_index_KR,하락 총영향: Σβ = 0 | 미래 RSp h=5,0.1207820505211023,0.3430273864660682,0.73157785732612,0.3430273864660682,18.0,1.0,0.8480702132854073,False,False,False,False
83,10m_index_KR,합계: Σβ⁻ − Σβ⁺ | 미래 RSp h=5,-0.1588969454928719,-0.24502152688828432,0.8064397632661382,0.24502152688828432,18.0,1.0,0.8538773963994405,False,False,False,False
84,10m_index_KR,상승 총영향: Σβ = 0 | 미래 RSn h=5,0.6281942595682456,1.5209272180665412,0.1282781027688738,1.5209272180665412,18.0,1.0,0.2839591808467024,False,False,False,False
85,10m_index_KR,하락 총영향: Σβ = 0 | 미래 RSn h=5,-0.1346322950107611,-0.3135798183158052,0.7538401895870287,0.3135798183158052,18.0,1.0,0.8480702132854073,False,False,False,False
86,10m_index_KR,합계: Σβ⁻ − Σβ⁺ | 미래 RSn h=5,-0.7628265545790067,-0.9303931526782769,0.3521675625444914,0.9303931526782769,18.0,1.0,0.5272277552941219,False,False,False,False
87,10m_index_KR,상승 총영향: Σβ = 0 | 미래 RV h=5,0.90787325558222,1.2587393563569385,0.2081244910128038,1.2587393563569385,18.0,1.0,0.37462408382304685,False,False,False,False
88,10m_index_KR,하락 총영향: Σβ = 0 | 미래 RV h=5,-0.0138502444896581,-0.01792277076276869,0.9857004634888086,0.01792277076276869,18.0,1.0,0.9857004634888086,False,False,False,False
89,10m_index_KR,합계: Σβ⁻ − Σβ⁺ | 미래 RV h=5,-0.921723500071878,-0.6362070712978288,0.524641464793954,0.6362070712978288,18.0,1.0,0.6745390261636552,False,False,False,False
90,10m_index_US,상승 총영향: Σβ = 0 | 미래 RSp h=1,1.0076040322424813,2.8002000625686305,0.0051070943766455,2.8002000625686305,18.0,0.091927698779619,0.022559754878726173,True,False,True,False
91,10m_index_US,하락 총영향: Σβ = 0 | 미래 RSp h=1,-0.2552244067915744,-1.1044299481753872,0.2694066755948601,1.1044299481753872,18.0,0.2694066755948601,0.2694066755948601,False,False,False,False
92,10m_index_US,합계: Σβ⁻ − Σβ⁺ | 미래 RSp h=1,-1.2628284390340556,-2.188734528893314,0.0286161407832298,2.188734528893314,18.0,0.143887218033197,0.03679218100700975,True,False,True,False
93,10m_index_US,상승 총영향: Σβ = 0 | 미래 RSn h=1,1.6585325479907764,2.6044564002442447,0.0092020128015621,2.6044564002442447,18.0,0.1140544930555537,0.022559754878726173,True,False,True,False
94,10m_index_US,하락 총영향: Σβ = 0 | 미래 RSn h=1,-0.7362846356487691,-1.7606486917981787,0.078297881884473,1.7606486917981787,18.0,0.23489364565341897,0.08808511712003211,False,False,False,False
95,10m_index_US,합계: Σβ⁻ − Σβ⁺ | 미래 RSn h=1,-2.394817183639545,-2.3367095977911934,0.0194542891504407,2.3367095977911934,18.0,0.143887218033197,0.028948293394460166,True,False,True,False
96,10m_index_US,상승 총영향: Σβ = 0 | 미래 RV h=1,2.6661365802332577,2.7831423717907087,0.0053835176709025,2.7831423717907087,18.0,0.091927698779619,0.022559754878726173,True,False,True,False
97,10m_index_US,하락 총영향: Σβ = 0 | 미래 RV h=1,-0.991509042440344,-1.6676589463377438,0.0953834494480357,1.6676589463377438,18.0,0.23489364565341897,0.10099424059203779,False,False,False,False
98,10m_index_US,합계: Σβ⁻ − Σβ⁺ | 미래 RV h=1,-3.657645622673602,-2.4200074734025536,0.0155201881284852,2.4200074734025536,18.0,0.143887218033197,0.02577871627988858,True,False,True,False
99,10m_index_US,상승 총영향: Σβ = 0 | 미래 RSp h=5,1.4367733364704791,2.6836557752050947,0.0072822041378174,2.6836557752050947,18.0,0.10195085792944361,0.022559754878726173,True,False,True,False
100,10m_index_US,하락 총영향: Σβ = 0 | 미래 RSp h=5,-0.7865618314351998,-2.094947954508361,0.0361756192958635,2.094947954508361,18.0,0.144702477183454,0.0434107431550362,True,False,True,False
101,10m_index_US,합계: Σβ⁻ − Σβ⁺ | 미래 RSp h=5,-2.2233351679056788,-2.4474095933111975,0.0143887218033197,2.4474095933111975,18.0,0.143887218033197,0.02577871627988858,True,False,True,False
102,10m_index_US,상승 총영향: Σβ = 0 | 미래 RSn h=5,1.9863530292402816,2.7572359122333263,0.0058292278621633,2.7572359122333263,18.0,0.0932676457946128,0.022559754878726173,True,False,True,False
103,10m_index_US,하락 총영향: Σβ = 0 | 미래 RSn h=5,-1.214436440279181,-2.414573135413928,0.0157536599488208,2.414573135413928,18.0,0.143887218033197,0.02577871627988858,True,False,True,False
104,10m_index_US,합계: Σβ⁻ − Σβ⁺ | 미래 RSn h=5,-3.2007894695194627,-2.620759130321348,0.0087734225427349,2.620759130321348,18.0,0.1140544930555537,0.022559754878726173,True,False,True,False
105,10m_index_US,상승 총영향: Σβ = 0 | 미래 RV h=5,3.42312636571076,2.7513940094534184,0.0059342219878123,2.7513940094534184,18.0,0.0932676457946128,0.022559754878726173,True,False,True,False
106,10m_index_US,하락 총영향: Σβ = 0 | 미래 RV h=5,-2.0009982717143804,-2.309657909970396,0.0209071007848879,2.309657909970396,18.0,0.143887218033197,0.028948293394460166,True,False,True,False
107,10m_index_US,합계: Σβ⁻ − Σβ⁺ | 미래 RV h=5,-5.424124637425141,-2.5749120546652455,0.0100265577238783,2.5749120546652455,18.0,0.1140544930555537,0.022559754878726173,True,False,True,False
108,10m_panel_KR,상승 총영향: Σβ = 0 | 미래 RSp h=1,0.3409944504974008,2.952560545351467,0.0031515026084148,2.952560545351467,18.0,0.028363523475733197,0.005516823241758273,True,True,True,False
109,10m_panel_KR,하락 총영향: Σβ = 0 | 미래 RSp h=1,0.2889054979467175,2.9316751482284413,0.0033713919810745,2.9316751482284413,18.0,0.028363523475733197,0.005516823241758273,True,True,True,False
110,10m_panel_KR,합계: Σβ⁻ − Σβ⁺ | 미래 RSp h=1,-0.0520889525506833,-0.26476235654902297,0.7911925373945391,0.26476235654902297,18.0,1.0,0.8377332748883355,False,False,False,False
111,10m_panel_KR,상승 총영향: Σβ = 0 | 미래 RSn h=1,0.3727579656415057,4.32986810937721,1.4919867362796062e-05,4.32986810937721,18.0,0.00017903840835355276,3.836537321861845e-05,True,True,True,True
112,10m_panel_KR,하락 총영향: Σβ = 0 | 미래 RSn h=1,0.1736988217646256,2.139482249194183,0.0323966320184727,2.139482249194183,18.0,0.22677642412930887,0.04859494802770905,True,False,True,False
113,10m_panel_KR,합계: Σβ⁻ − Σβ⁺ | 미래 RSn h=1,-0.19905914387688,-1.4396045926441314,0.1499792995416516,1.4396045926441314,18.0,0.8998757972499096,0.2076636455192099,False,False,False,False
114,10m_panel_KR,상승 총영향: Σβ = 0 | 미래 RV h=1,0.7137524161389059,3.982013245197243,6.833397066007347e-05,3.982013245197243,18.0,0.0007516736772608082,0.0001537514339851653,True,True,True,True
115,10m_panel_KR,하락 총영향: Σβ = 0 | 미래 RV h=1,0.462604319711344,3.096948162745884,0.0019552406148565,3.096948162745884,18.0,0.019552406148565,0.003910481229713,True,True,True,True
116,10m_panel_KR,합계: Σβ⁻ − Σβ⁺ | 미래 RV h=1,-0.2511480964275619,-0.8956553885255263,0.370436843634313,0.8956553885255263,18.0,1.0,0.4762759418155453,False,False,False,False
117,10m_panel_KR,상승 총영향: Σβ = 0 | 미래 RSp h=5,0.4314946167535657,4.671277730230921,2.9933188732348267e-06,4.671277730230921,18.0,4.48997830985224e-05,1.346993492955672e-05,True,True,True,True
118,10m_panel_KR,하락 총영향: Σβ = 0 | 미래 RSp h=5,-0.00874659701427,-0.12652833996121374,0.8993137172690089,0.12652833996121374,18.0,1.0,0.899313717269009,False,False,False,False
119,10m_panel_KR,합계: Σβ⁻ − Σβ⁺ | 미래 RSp h=5,-0.4402412137678356,-4.426058322713619,9.597058646517816e-06,4.426058322713619,18.0,0.0001247617624047316,2.8791175939553446e-05,True,True,True,True
120,10m_panel_KR,상승 총영향: Σβ = 0 | 미래 RSn h=5,0.4898814774246626,6.031602405850237,1.6234179733811082e-09,6.031602405850237,18.0,2.9221523520859947e-08,2.9221523520859947e-08,True,True,True,True
121,10m_panel_KR,하락 총영향: Σβ = 0 | 미래 RSn h=5,-0.0681817379751894,-0.7117252267539597,0.4766349430799355,0.7117252267539597,18.0,1.0,0.5719619316959226,False,False,False,False
122,10m_panel_KR,합계: Σβ⁻ − Σβ⁺ | 미래 RSn h=5,-0.558063215399852,-4.591105753264826,4.409038484800339e-06,4.591105753264826,18.0,6.172653878720475e-05,1.5872538545281222e-05,True,True,True,True
123,10m_panel_KR,상승 총영향: Σβ = 0 | 미래 RV h=5,0.9213760941782276,5.477300338564841,4.31863864290665e-08,5.477300338564841,18.0,7.341685692941305e-07,3.8867747786159854e-07,True,True,True,True
124,10m_panel_KR,하락 총영향: Σβ = 0 | 미래 RV h=5,-0.0769283349894592,-0.48511198050429344,0.6275969141121243,0.48511198050429344,18.0,1.0,0.7060465283761398,False,False,False,False
125,10m_panel_KR,합계: Σβ⁻ − Σβ⁺ | 미래 RV h=5,-0.9983044291676868,-4.951106234915278,7.379280481620825e-07,4.951106234915278,18.0,1.180684877059332e-05,4.4275682889724945e-06,True,True,True,True
126,10m_panel_US,상승 총영향: Σβ = 0 | 미래 RSp h=1,0.1530745019686689,4.0540277436242,5.03432418612652e-05,4.0540277436242,18.0,0.0008361202676783609,0.0003020594511675912,True,True,True,True
127,10m_panel_US,하락 총영향: Σβ = 0 | 미래 RSp h=1,0.1551610972929787,3.3666394900050305,0.0007609008922704,3.3666394900050305,18.0,0.0106526124917856,0.00273924321217344,True,True,True,True
128,10m_panel_US,합계: Σβ⁻ − Σβ⁺ | 미래 RSp h=1,0.0020865953243097,0.03605985997296461,0.9712346285980478,0.03605985997296461,18.0,1.0,0.9712346285980478,False,False,False,False
129,10m_panel_US,상승 총영향: Σβ = 0 | 미래 RSn h=1,0.2767009424083038,4.059473233648576,4.918354515755064e-05,4.059473233648576,18.0,0.0008361202676783609,0.0003020594511675912,True,True,True,True
130,10m_panel_US,하락 총영향: Σβ = 0 | 미래 RSn h=1,0.1247343147533494,2.5351264046266073,0.0112406756849084,2.5351264046266073,18.0,0.1236474325339924,0.0252915202910439,True,False,True,False
131,10m_panel_US,합계: Σβ⁻ − Σβ⁺ | 미래 RSn h=1,-0.1519666276549544,-1.5499731592158221,0.121147958409503,1.5499731592158221,18.0,0.726887750457018,0.16774332702854264,False,False,False,False
132,10m_panel_US,상승 총영향: Σβ = 0 | 미래 RV h=1,0.4297754443769732,4.781496447350529,1.7399507892751557e-06,4.781496447350529,18.0,3.1319114206952803e-05,3.1319114206952803e-05,True,True,True,True
133,10m_panel_US,하락 총영향: Σβ = 0 | 미래 RV h=1,0.2798954120463281,3.3991255863294723,0.0006760166761505,3.3991255863294723,18.0,0.010140250142257501,0.00273924321217344,True,True,True,True
134,10m_panel_US,합계: Σβ⁻ − Σβ⁺ | 미래 RV h=1,-0.149880032330645,-1.1995025049530894,0.2303326113215543,1.1995025049530894,18.0,1.0,0.2961419288419984,False,False,False,False
135,10m_panel_US,상승 총영향: Σβ = 0 | 미래 RSp h=5,0.0795463571166795,2.28375346445559,0.0223860239823863,2.28375346445559,18.0,0.223860239823863,0.0447720479647726,True,False,True,False
136,10m_panel_US,하락 총영향: Σβ = 0 | 미래 RSp h=5,0.073396399056027,2.1903650933107937,0.0284977694728295,2.1903650933107937,18.0,0.2533864579616016,0.046632713682811903,True,False,True,False
137,10m_panel_US,합계: Σβ⁻ − Σβ⁺ | 미래 RSp h=5,-0.0061499580606525,-0.13901365613570243,0.8894393577925841,0.13901365613570243,18.0,1.0,0.9417593200156773,False,False,False,False
138,10m_panel_US,상승 총영향: Σβ = 0 | 미래 RSn h=5,0.1199992427788979,2.6793953549047798,0.0073755252857114,2.6793953549047798,18.0,0.0885063034285368,0.01896563644897217,True,False,True,False
139,10m_panel_US,하락 총영향: Σβ = 0 | 미래 RSn h=5,0.0789652155565086,1.8194229762771792,0.0688469239949153,1.8194229762771792,18.0,0.481928467964407,0.10327038599237294,False,False,False,False
140,10m_panel_US,합계: Σβ⁻ − Σβ⁺ | 미래 RSn h=5,-0.0410340272223892,-0.6126680045668076,0.5400958824993327,0.6126680045668076,18.0,1.0,0.6481150589991993,False,False,False,False
141,10m_panel_US,상승 총영향: Σβ = 0 | 미래 RV h=5,0.1995455998955775,2.819020663398539,0.0048170417052168,2.819020663398539,18.0,0.0626215421678184,0.014451125115650401,True,False,True,False
142,10m_panel_US,하락 총영향: Σβ = 0 | 미래 RV h=5,0.1523616146125357,2.195133108144345,0.0281540508846224,2.195133108144345,18.0,0.2533864579616016,0.046632713682811903,True,False,True,False
143,10m_panel_US,합계: Σβ⁻ − Σβ⁺ | 미래 RV h=5,-0.0471839852830417,-0.5049366638547139,0.6136033217013657,0.5049366638547139,18.0,1.0,0.6903037369140363,False,False,False,False
144,5m_daily_KR,상승 총영향: Σβ = 0 | 미래 RSp h=1,-0.7083679075524735,-1.7830057115398132,0.0745853735871477,1.7830057115398132,18.0,0.4475122415228862,0.09913824166702126,False,False,False,False
145,5m_daily_KR,하락 총영향: Σβ = 0 | 미래 RSp h=1,1.6155177539879264,2.1548634865642846,0.0311725184214767,2.1548634865642846,18.0,0.311725184214767,0.0623450368429534,True,False,False,False
146,5m_daily_KR,합계: Σβ⁻ − Σβ⁺ | 미래 RSp h=1,2.3238856615404,2.06468395192967,0.0389529140009554,2.06468395192967,18.0,0.34114656145222977,0.06374113200156338,True,False,False,False
147,5m_daily_KR,상승 총영향: Σβ = 0 | 미래 RSn h=1,0.024730052469322,0.3521079372749532,0.7247573160174865,0.3521079372749532,18.0,1.0,0.7247573160174865,False,False,False,False
148,5m_daily_KR,하락 총영향: Σβ = 0 | 미래 RSn h=1,0.0926185222024497,0.5468847134863237,0.5844579384454591,0.5468847134863237,18.0,1.0,0.6575151807511415,False,False,False,False
149,5m_daily_KR,합계: Σβ⁻ − Σβ⁺ | 미래 RSn h=1,0.0678884697331276,0.36889521255597446,0.7122058319101989,0.36889521255597446,18.0,1.0,0.7247573160174865,False,False,False,False
150,5m_daily_KR,상승 총영향: Σβ = 0 | 미래 RV h=1,-0.6836378550831513,-1.767721216398704,0.0771075212965721,1.767721216398704,18.0,0.4475122415228862,0.09913824166702126,False,False,False,False
151,5m_daily_KR,하락 총영향: Σβ = 0 | 미래 RV h=1,1.7081362761903762,2.592754997803823,0.0095210570036817,2.592754997803823,18.0,0.1428158550552255,0.04085074731340507,True,False,True,False
152,5m_daily_KR,합계: Σβ⁻ − Σβ⁺ | 미래 RV h=1,2.3917741312735274,2.362423509945128,0.0181558876948467,2.362423509945128,18.0,0.21199528553513958,0.04085074731340507,True,False,True,False
153,5m_daily_KR,상승 총영향: Σβ = 0 | 미래 RSp h=5,-0.2313588562155748,-2.011909305813249,0.0442294982652976,2.011909305813249,18.0,0.34114656145222977,0.06634424739794641,True,False,False,False
154,5m_daily_KR,하락 총영향: Σβ = 0 | 미래 RSp h=5,0.7108109093412212,2.490350962072175,0.01276170066824,2.490350962072175,18.0,0.17866380935536,0.04085074731340507,True,False,True,False
155,5m_daily_KR,합계: Σβ⁻ − Σβ⁺ | 미래 RSp h=5,0.942169765556796,2.381151860405257,0.0172585955018809,2.381151860405257,18.0,0.21199528553513958,0.04085074731340507,True,False,True,False
156,5m_daily_KR,상승 총영향: Σβ = 0 | 미래 RSn h=5,-0.1219276344428843,-2.4019636304539933,0.0163073296565492,2.4019636304539933,18.0,0.21199528553513958,0.04085074731340507,True,False,True,False
157,5m_daily_KR,하락 총영향: Σβ = 0 | 미래 RSn h=5,0.2716376262169325,1.4344295278446766,0.151449726315179,1.4344295278446766,18.0,0.605798905260716,0.1817396715782148,False,False,False,False
158,5m_daily_KR,합계: Σβ⁻ − Σβ⁺ | 미래 RSn h=5,0.3935652606598168,2.075878674843222,0.0379051734946922,2.075878674843222,18.0,0.34114656145222977,0.06374113200156338,True,False,False,False
159,5m_daily_KR,상승 총영향: Σβ = 0 | 미래 RV h=5,-0.3532864906584591,-3.3213037181617637,0.0008959797864918,3.3213037181617637,18.0,0.0143356765838688,0.0053758787189508,True,True,True,True
160,5m_daily_KR,하락 총영향: Σβ = 0 | 미래 RV h=5,0.9824485355581531,4.391484431709858,1.1257939787145905e-05,4.391484431709858,18.0,0.00019138497638148037,0.00010132145808431315,True,True,True,True
161,5m_daily_KR,합계: Σβ⁻ − Σβ⁺ | 미래 RV h=5,1.3357350262166123,4.989874499989054,6.041853275764743e-07,4.989874499989054,18.0,1.0875335896376538e-05,1.0875335896376538e-05,True,True,True,True
162,5m_daily_US,상승 총영향: Σβ = 0 | 미래 RSp h=1,0.1960239840965683,0.9524117346504868,0.3408882105109434,0.9524117346504868,18.0,1.0,0.4090658526131321,False,False,False,False
163,5m_daily_US,하락 총영향: Σβ = 0 | 미래 RSp h=1,2.275650902405077,2.422182320154718,0.0154276081560217,2.422182320154718,18.0,0.1697036897162387,0.03471211835104882,True,False,True,False
164,5m_daily_US,합계: Σβ⁻ − Σβ⁺ | 미래 RSp h=1,2.079626918308509,2.181354043625699,0.0291572399784325,2.181354043625699,18.0,0.2624151598058925,0.0524830319611785,True,False,False,False
165,5m_daily_US,상승 총영향: Σβ = 0 | 미래 RSn h=1,-0.2689401844709805,-2.2395684122143353,0.0251189553274635,2.2395684122143353,18.0,0.251189553274635,0.050237910654927,True,False,False,False
166,5m_daily_US,하락 총영향: Σβ = 0 | 미래 RSn h=1,0.3465167888568828,1.1554375591879609,0.2479112886531066,1.1554375591879609,18.0,1.0,0.33833097105396936,False,False,False,False
167,5m_daily_US,합계: Σβ⁻ − Σβ⁺ | 미래 RSn h=1,0.6154569733278634,1.517634830929904,0.1291064811040982,1.517634830929904,18.0,1.0,0.1936597216561473,False,False,False,False
168,5m_daily_US,상승 총영향: Σβ = 0 | 미래 RV h=1,-0.0729162003744121,-0.42992154112410935,0.6672527152740773,0.42992154112410935,18.0,1.0,0.6672527152740773,False,False,False,False
169,5m_daily_US,하락 총영향: Σβ = 0 | 미래 RV h=1,2.62216769126196,2.7663636476326636,0.0056685284611107,2.7663636476326636,18.0,0.0850279269166605,0.019934189569587858,True,False,True,False
170,5m_daily_US,합계: Σβ⁻ − Σβ⁺ | 미래 RV h=1,2.695083891636372,2.7361126011995016,0.0062169748639036,2.7361126011995016,18.0,0.0870376480946504,0.019934189569587858,True,False,True,False
171,5m_daily_US,상승 총영향: Σβ = 0 | 미래 RSp h=5,-0.0912376519327275,-0.6538136366743754,0.5132318797939768,0.6538136366743754,18.0,1.0,0.5720147823495703,False,False,False,False
172,5m_daily_US,하락 총영향: Σβ = 0 | 미래 RSp h=5,1.7221598296443923,3.2739315513396297,0.0010606229964369,3.2739315513396297,18.0,0.0190912139358642,0.0190912139358642,True,True,True,True
173,5m_daily_US,합계: Σβ⁻ − Σβ⁺ | 미래 RSp h=5,1.81339748157712,2.7881955676809818,0.0053002536772404,2.7881955676809818,18.0,0.0848040588358464,0.019934189569587858,True,False,True,False
174,5m_daily_US,상승 총영향: Σβ = 0 | 미래 RSn h=5,-0.1851105970147087,-2.6717770802031007,0.0075450752983098,2.6717770802031007,18.0,0.09808597887802739,0.019934189569587858,True,False,True,False
175,5m_daily_US,하락 총영향: Σβ = 0 | 미래 RSn h=5,0.1384374321831888,0.6124558751961036,0.5402361833301498,0.6124558751961036,18.0,1.0,0.5720147823495703,False,False,False,False
176,5m_daily_US,합계: Σβ⁻ − Σβ⁺ | 미래 RSn h=5,0.3235480291978976,1.118985533264647,0.263146310819754,1.118985533264647,18.0,1.0,0.33833097105396936,False,False,False,False
177,5m_daily_US,상승 총영향: Σβ = 0 | 미래 RV h=5,-0.2763482489474362,-1.522484474143038,0.127887732746184,1.522484474143038,18.0,1.0,0.1936597216561473,False,False,False,False
178,5m_daily_US,하락 총영향: Σβ = 0 | 미래 RV h=5,1.860597261827581,2.9473282237747886,0.0032053278134207,2.9473282237747886,18.0,0.0544905728281519,0.019934189569587858,True,False,True,False
179,5m_daily_US,합계: Σβ⁻ − Σβ⁺ | 미래 RV h=5,2.1369455107750173,2.662676733905621,0.0077521848326175,2.662676733905621,18.0,0.09808597887802739,0.019934189569587858,True,False,True,False
180,5m_etf_KR,상승 총영향: Σβ = 0 | 미래 RSp h=1,-0.0676651649648174,-0.08734495913422777,0.9303973183292178,0.08734495913422777,18.0,1.0,0.9303973183292178,False,False,False,False
181,5m_etf_KR,하락 총영향: Σβ = 0 | 미래 RSp h=1,0.5547061070815588,0.7666992945127574,0.4432603232026252,0.7666992945127574,18.0,1.0,0.9303973183292178,False,False,False,False
182,5m_etf_KR,합계: Σβ⁻ − Σβ⁺ | 미래 RSp h=1,0.6223712720463762,0.41729196742222985,0.6764648631624149,0.41729196742222985,18.0,1.0,0.9303973183292178,False,False,False,False
183,5m_etf_KR,상승 총영향: Σβ = 0 | 미래 RSn h=1,0.3560580407825741,0.377966340812363,0.7054555985570172,0.377966340812363,18.0,1.0,0.9303973183292178,False,False,False,False
184,5m_etf_KR,하락 총영향: Σβ = 0 | 미래 RSn h=1,0.1963171161047901,0.23695724844834828,0.8126899565709813,0.23695724844834828,18.0,1.0,0.9303973183292178,False,False,False,False
185,5m_etf_KR,합계: Σβ⁻ − Σβ⁺ | 미래 RSn h=1,-0.1597409246777839,-0.09059263977331487,0.9278162804939476,0.09059263977331487,18.0,1.0,0.9303973183292178,False,False,False,False
186,5m_etf_KR,상승 총영향: Σβ = 0 | 미래 RV h=1,0.2883928758177566,0.16953758978140826,0.8653738079118465,0.16953758978140826,18.0,1.0,0.9303973183292178,False,False,False,False
187,5m_etf_KR,하락 총영향: Σβ = 0 | 미래 RV h=1,0.7510232231863492,0.48689260196004575,0.6263344419037888,0.48689260196004575,18.0,1.0,0.9303973183292178,False,False,False,False
188,5m_etf_KR,합계: Σβ⁻ − Σβ⁺ | 미래 RV h=1,0.4626303473685927,0.14322791698318954,0.8861101825528174,0.14322791698318954,18.0,1.0,0.9303973183292178,False,False,False,False
189,5m_etf_KR,상승 총영향: Σβ = 0 | 미래 RSp h=5,0.7618552744664959,0.8405773103299956,0.4005847742556987,0.8405773103299956,18.0,1.0,0.9303973183292178,False,False,False,False
190,5m_etf_KR,하락 총영향: Σβ = 0 | 미래 RSp h=5,-0.2386895498870042,-0.34866363744084344,0.7273418462323231,0.34866363744084344,18.0,1.0,0.9303973183292178,False,False,False,False
191,5m_etf_KR,합계: Σβ⁻ − Σβ⁺ | 미래 RSp h=5,-1.0005448243535002,-0.6309918255668497,0.5280458693328949,0.6309918255668497,18.0,1.0,0.9303973183292178,False,False,False,False
192,5m_etf_KR,상승 총영향: Σβ = 0 | 미래 RSn h=5,1.0739147456702778,0.9579966134554647,0.3380644662435588,0.9579966134554647,18.0,1.0,0.9303973183292178,False,False,False,False
193,5m_etf_KR,하락 총영향: Σβ = 0 | 미래 RSn h=5,-0.3886982736132581,-0.4639467091180093,0.6426859266408411,0.4639467091180093,18.0,1.0,0.9303973183292178,False,False,False,False
194,5m_etf_KR,합계: Σβ⁻ − Σβ⁺ | 미래 RSn h=5,-1.4626130192835358,-0.7485977944503543,0.4540996618575189,0.7485977944503543,18.0,1.0,0.9303973183292178,False,False,False,False
195,5m_etf_KR,상승 총영향: Σβ = 0 | 미래 RV h=5,1.8357700201367728,0.9063056532889388,0.3647740940844528,0.9063056532889388,18.0,1.0,0.9303973183292178,False,False,False,False
196,5m_etf_KR,하락 총영향: Σβ = 0 | 미래 RV h=5,-0.6273878235002615,-0.4123571954111768,0.6800776323420967,0.4123571954111768,18.0,1.0,0.9303973183292178,False,False,False,False
197,5m_etf_KR,합계: Σβ⁻ − Σβ⁺ | 미래 RV h=5,-2.4631578436370343,-0.6964187197179513,0.4861666430934689,0.6964187197179513,18.0,1.0,0.9303973183292178,False,False,False,False
198,5m_etf_US,상승 총영향: Σβ = 0 | 미래 RSp h=1,1.5490808318688185,2.5099950483542286,0.0120732854553827,2.5099950483542286,18.0,0.1328061400092097,0.0259906360775868,True,False,True,False
199,5m_etf_US,하락 총영향: Σβ = 0 | 미래 RSp h=1,-0.7487870051765688,-1.7939715457264094,0.0728177105921157,1.7939715457264094,18.0,0.14913150822546659,0.0728177105921157,False,False,False,False
200,5m_etf_US,합계: Σβ⁻ − Σβ⁺ | 미래 RSp h=1,-2.2978678370453878,-2.238878162510651,0.0251638447273079,2.238878162510651,18.0,0.14913150822546659,0.03235351464939587,True,False,True,False
201,5m_etf_US,상승 총영향: Σβ = 0 | 미래 RSn h=1,3.0539368191383782,2.902452674867311,0.0037025309743927,2.902452674867311,18.0,0.0658349477982612,0.0221294613692406,True,False,True,False
202,5m_etf_US,하락 총영향: Σβ = 0 | 미래 RSn h=1,-1.8113079345471557,-2.37328748324837,0.0176305355089652,2.37328748324837,18.0,0.1410442840717216,0.027654513072116253,True,False,True,False
203,5m_etf_US,합계: Σβ⁻ − Σβ⁺ | 미래 RSn h=1,-4.865244753685534,-2.7029768322932846,0.0068721536126056,2.7029768322932846,18.0,0.100061936661573,0.0221294613692406,True,False,True,False
204,5m_etf_US,상승 총영향: Σβ = 0 | 미래 RV h=1,4.603017651007197,2.8353510178231462,0.0045775359732103,2.8353510178231462,18.0,0.0732405755713648,0.0221294613692406,True,False,True,False
205,5m_etf_US,하락 총영향: Σβ = 0 | 미래 RV h=1,-2.5600949397237245,-2.2436450015764606,0.0248552513709111,2.2436450015764606,18.0,0.14913150822546659,0.03235351464939587,True,False,True,False
206,5m_etf_US,합계: Σβ⁻ − Σβ⁺ | 미래 RV h=1,-7.163112590730922,-2.613323315926626,0.0089666432561679,2.613323315926626,18.0,0.10759971907401479,0.023057082658717455,True,False,True,False
207,5m_etf_US,상승 총영향: Σβ = 0 | 미래 RSp h=5,1.7193339879051002,2.426383358493673,0.0152501516418033,2.426383358493673,18.0,0.1372513647762297,0.027450272955245943,True,False,True,False
208,5m_etf_US,하락 총영향: Σβ = 0 | 미래 RSp h=5,-1.0120289970730076,-1.8857724606668214,0.0593256235346652,1.8857724606668214,18.0,0.14913150822546659,0.06281536609552786,False,False,False,False
209,5m_etf_US,합계: Σβ⁻ − Σβ⁺ | 미래 RSp h=5,-2.731362984978108,-2.199097128407345,0.0278710166844764,2.199097128407345,18.0,0.14913150822546659,0.03344522002137169,True,False,True,False
210,5m_etf_US,상승 총영향: Σβ = 0 | 미래 RSn h=5,2.3498177432752945,2.906283666706637,0.0036574970999034,2.906283666706637,18.0,0.0658349477982612,0.0221294613692406,True,False,True,False
211,5m_etf_US,하락 총영향: Σβ = 0 | 미래 RSn h=5,-1.4276562792747698,-2.356736131787099,0.0184363420480775,2.356736131787099,18.0,0.1410442840717216,0.027654513072116253,True,False,True,False
212,5m_etf_US,합계: Σβ⁻ − Σβ⁺ | 미래 RSn h=5,-3.777474022550064,-2.6793516961993693,0.0073764871230802,2.6793516961993693,18.0,0.100061936661573,0.0221294613692406,True,False,True,False
213,5m_etf_US,상승 총영향: Σβ = 0 | 미래 RV h=5,4.069151731180395,2.712846705863309,0.0066707957774382,2.712846705863309,18.0,0.100061936661573,0.0221294613692406,True,False,True,False
214,5m_etf_US,하락 총영향: Σβ = 0 | 미래 RV h=5,-2.4396852763477765,-2.1626836274259067,0.0305655212171439,2.1626836274259067,18.0,0.14913150822546659,0.034386211369286886,True,False,True,False
215,5m_etf_US,합계: Σβ⁻ − Σβ⁺ | 미래 RV h=5,-6.508837007528172,-2.4838975741896587,0.0129953180387934,2.4838975741896587,18.0,0.1328061400092097,0.0259906360775868,True,False,True,False
216,5m_index_KR,상승 총영향: Σβ = 0 | 미래 RSp h=1,-0.6868870971643313,-1.4114845375406926,0.1581017917205927,1.4114845375406926,18.0,1.0,0.21413263128847942,False,False,False,False
217,5m_index_KR,하락 총영향: Σβ = 0 | 미래 RSp h=1,1.285314937905513,2.684811212599326,0.0072570785059453,2.684811212599326,18.0,0.1088561775891795,0.03265685327675385,True,False,True,False
218,5m_index_KR,합계: Σβ⁻ − Σβ⁺ | 미래 RSp h=1,1.9722020350698444,2.065430751040023,0.0388822614644328,2.065430751040023,18.0,0.388822614644328,0.0777645229288656,True,False,False,False
219,5m_index_KR,상승 총영향: Σβ = 0 | 미래 RSn h=1,-0.6470545555404101,-0.9080675389619921,0.363842539502585,0.9080675389619921,18.0,1.0,0.363842539502585,False,False,False,False
220,5m_index_KR,하락 총영향: Σβ = 0 | 미래 RSn h=1,1.2669484805974605,1.962532065191296,0.049700571220106,1.962532065191296,18.0,0.44730514098095403,0.08946102819619081,True,False,False,False
221,5m_index_KR,합계: Σβ⁻ − Σβ⁺ | 미래 RSn h=1,1.9140030361378704,1.416457042268352,0.1566417329889806,1.416457042268352,18.0,1.0,0.21413263128847942,False,False,False,False
222,5m_index_KR,상승 총영향: Σβ = 0 | 미래 RV h=1,-1.3339416527047412,-1.14050071150983,0.2540777564436586,1.14050071150983,18.0,1.0,0.2690235068226973,False,False,False,False
223,5m_index_KR,하락 총영향: Σβ = 0 | 미래 RV h=1,2.5522634185029736,2.3405853040288296,0.0192535394873031,2.3405853040288296,18.0,0.25029601333494034,0.051637905898748226,True,False,False,False
224,5m_index_KR,합계: Σβ⁻ − Σβ⁺ | 미래 RV h=1,3.8862050712077143,1.7328300077129468,0.0831258876008739,1.7328300077129468,18.0,0.6650071008069912,0.13602417971052094,False,False,False,False
225,5m_index_KR,상승 총영향: Σβ = 0 | 미래 RSp h=5,1.035896308484075,3.1261825771639957,0.0017709156850564,3.1261825771639957,18.0,0.0283346509609024,0.010625494110338399,True,True,True,True
226,5m_index_KR,하락 총영향: Σβ = 0 | 미래 RSp h=5,-0.464915500511639,-1.30957362226953,0.1903401167008706,1.30957362226953,18.0,1.0,0.21413263128847942,False,False,False,False
227,5m_index_KR,합계: Σβ⁻ − Σβ⁺ | 미래 RSp h=5,-1.500811808995714,-2.2285080196187277,0.0258466571543527,2.2285080196187277,18.0,0.28431322869787967,0.05815497859729357,True,False,False,False
228,5m_index_KR,상승 총영향: Σβ = 0 | 미래 RSn h=5,1.1086496180073244,3.4746590385589418,0.0005115030527221,3.4746590385589418,18.0,0.0092070549489978,0.0081804798246168,True,True,True,True
229,5m_index_KR,하락 총영향: Σβ = 0 | 미래 RSn h=5,-0.4674029227808683,-1.3389057510866758,0.1806013571884085,1.3389057510866758,18.0,1.0,0.21413263128847942,False,False,False,False
230,5m_index_KR,합계: Σβ⁻ − Σβ⁺ | 미래 RSn h=5,-1.576052540788193,-2.3990247996030245,0.0164388013059506,2.3990247996030245,18.0,0.23014321828330842,0.051637905898748226,True,False,False,False
231,5m_index_KR,상승 총영향: Σβ = 0 | 미래 RV h=5,2.144545926491398,3.3172930639381075,0.0009089422027352,3.3172930639381075,18.0,0.0154520174464984,0.0081804798246168,True,True,True,True
232,5m_index_KR,하락 총영향: Σβ = 0 | 미래 RV h=5,-0.9323184232925072,-1.3302065145186928,0.1834502383585238,1.3302065145186928,18.0,1.0,0.21413263128847942,False,False,False,False
233,5m_index_KR,합계: Σβ⁻ − Σβ⁺ | 미래 RV h=5,-3.076864349783906,-2.3248233510516996,0.0200814078495132,2.3248233510516996,18.0,0.25029601333494034,0.051637905898748226,True,False,False,False
234,5m_index_US,상승 총영향: Σβ = 0 | 미래 RSp h=1,1.5901045125454467,2.4968270858523596,0.0125310043781686,2.4968270858523596,18.0,0.115753680075534,0.022555807880703483,True,False,True,False
235,5m_index_US,하락 총영향: Σβ = 0 | 미래 RSp h=1,-0.79248417296915,-1.7789485933767337,0.0752481903105242,1.7789485933767337,18.0,0.129349482556323,0.0752481903105242,False,False,False,False
236,5m_index_US,합계: Σβ⁻ − Σβ⁺ | 미래 RSp h=1,-2.382588685514597,-2.214814755395546,0.0267727820147661,2.214814755395546,18.0,0.129349482556323,0.03212733841771932,True,False,True,False
237,5m_index_US,상승 총영향: Σβ = 0 | 미래 RSn h=1,2.939792757949596,2.794201560090045,0.0052028039012744,2.794201560090045,18.0,0.0832448624203904,0.021290237973953553,True,False,True,False
238,5m_index_US,하락 총영향: Σβ = 0 | 미래 RSn h=1,-1.771362972672507,-2.279986254320888,0.0226085037346956,2.279986254320888,18.0,0.129349482556323,0.02906807623032292,True,False,True,False
239,5m_index_US,합계: Σβ⁻ − Σβ⁺ | 미래 RSn h=1,-4.711155730622103,-2.594882432016255,0.0094623279884238,2.594882432016255,18.0,0.1054586077683047,0.021290237973953553,True,False,True,False
240,5m_index_US,상승 총영향: Σβ = 0 | 미래 RV h=1,4.529897270495043,2.7511975724819755,0.0059377819004943,2.7511975724819755,18.0,0.0860213229269175,0.021290237973953553,True,False,True,False
241,5m_index_US,하락 총영향: Σβ = 0 | 미래 RV h=1,-2.5638471456416565,-2.1681143349103467,0.0301499884376134,2.1681143349103467,18.0,0.129349482556323,0.033918736992315075,True,False,True,False
242,5m_index_US,합계: Σβ⁻ − Σβ⁺ | 미래 RV h=1,-7.093744416136699,-2.5248317889355203,0.0115753680075534,2.5248317889355203,18.0,0.115753680075534,0.022555807880703483,True,False,True,False
243,5m_index_US,상승 총영향: Σβ = 0 | 미래 RSp h=5,1.8280487265264025,2.6473639008414254,0.0081122005975619,2.6473639008414254,18.0,0.1054586077683047,0.021290237973953553,True,False,True,False
244,5m_index_US,하락 총영향: Σβ = 0 | 미래 RSp h=5,-1.1099147050773626,-2.0630047903649467,0.0391121730499373,2.0630047903649467,18.0,0.129349482556323,0.04141288911169832,True,False,True,False
245,5m_index_US,합계: Σβ⁻ − Σβ⁺ | 미래 RSp h=5,-2.937963431603765,-2.3961796881907387,0.0165669664340106,2.3961796881907387,18.0,0.11596876503807421,0.0248504496510159,True,False,True,False
246,5m_index_US,상승 총영향: Σβ = 0 | 미래 RSn h=5,2.3411651419716635,2.992692595958077,0.0027652812653368,2.992692595958077,18.0,0.0497750627760624,0.021290237973953553,True,True,True,False
247,5m_index_US,하락 총영향: Σβ = 0 | 미래 RSn h=5,-1.462792524434475,-2.447790481216073,0.0143735211132639,2.447790481216073,18.0,0.115753680075534,0.02352030727625002,True,False,True,False
248,5m_index_US,합계: Σβ⁻ − Σβ⁺ | 미래 RSn h=5,-3.8039576664061383,-2.7625740671734125,0.0057347548617945,2.7625740671734125,18.0,0.0860213229269175,0.021290237973953553,True,False,True,False
249,5m_index_US,상승 총영향: Σβ = 0 | 미래 RV h=5,4.1692138684980655,2.8681637812612117,0.0041286174989703,2.8681637812612117,18.0,0.0701864974824951,0.021290237973953553,True,False,True,False
250,5m_index_US,하락 총영향: Σβ = 0 | 미래 RV h=5,-2.5727072295118365,-2.298062238026603,0.0215582470927205,2.298062238026603,18.0,0.129349482556323,0.02906807623032292,True,False,True,False
251,5m_index_US,합계: Σβ⁻ − Σβ⁺ | 미래 RV h=5,-6.741921098009902,-2.6255133631522045,0.0086518412732491,2.6255133631522045,18.0,0.1054586077683047,0.021290237973953553,True,False,True,False
252,5m_panel_KR,상승 총영향: Σβ = 0 | 미래 RSp h=1,0.1624040927760988,1.1588229560621384,0.2465283582377943,1.1588229560621384,18.0,0.7395850747133829,0.27734440301751856,False,False,False,False
253,5m_panel_KR,하락 총영향: Σβ = 0 | 미래 RSp h=1,0.5085719066337991,4.138241780175283,3.4997746025320964e-05,4.138241780175283,18.0,0.0006299594284557774,0.0006299594284557774,True,True,True,True
254,5m_panel_KR,합계: Σβ⁻ − Σβ⁺ | 미래 RSp h=1,0.3461678138577002,1.3926701908491037,0.1637195467608809,1.3926701908491037,18.0,0.6548781870435236,0.1964634561130571,False,False,False,False
255,5m_panel_KR,상승 총영향: Σβ = 0 | 미래 RSn h=1,0.2955185633017788,2.28844755483623,0.0221114709638598,2.28844755483623,18.0,0.2432261806024578,0.049750809668684545,True,False,True,False
256,5m_panel_KR,하락 총영향: Σβ = 0 | 미래 RSn h=1,0.3325231255058701,3.0425949315711107,0.0023454782305605,3.0425949315711107,18.0,0.0368997034557104,0.0085958858071266,True,True,True,True
257,5m_panel_KR,합계: Σβ⁻ − Σβ⁺ | 미래 RSn h=1,0.0370045622040913,0.1688423175873085,0.8659206715181211,0.1688423175873085,18.0,0.8659206715181211,0.8659206715181211,False,False,False,False
258,5m_panel_KR,상승 총영향: Σβ = 0 | 미래 RV h=1,0.4579226560778776,1.7333158346504178,0.0830395478368745,1.7333158346504178,18.0,0.49823728702124703,0.11497783546644162,False,False,False,False
259,5m_panel_KR,하락 총영향: Σβ = 0 | 미래 RV h=1,0.8410950321396702,3.7649355384884697,0.0001665920538978,3.7649355384884697,18.0,0.0028320649162626,0.0014993284850802,True,True,True,True
260,5m_panel_KR,합계: Σβ⁻ − Σβ⁺ | 미래 RV h=1,0.3831723760617926,0.8420743710513734,0.3997463259062607,0.8420743710513734,18.0,0.7994926518125214,0.4232608156654525,False,False,False,False
261,5m_panel_KR,상승 총영향: Σβ = 0 | 미래 RSp h=5,0.3498681955787614,2.981831634798867,0.0028652952690422,2.981831634798867,18.0,0.0372488384975486,0.0085958858071266,True,True,True,False
262,5m_panel_KR,하락 총영향: Σβ = 0 | 미래 RSp h=5,0.137735869477909,2.850523344893126,0.0043647346175763,2.850523344893126,18.0,0.0523768154109156,0.011223603302339057,True,False,True,False
263,5m_panel_KR,합계: Σβ⁻ − Σβ⁺ | 미래 RSp h=5,-0.2121323261008524,-1.8877840280780849,0.0590549502475439,1.8877840280780849,18.0,0.41338465173280725,0.08858242537131585,False,False,False,False
264,5m_panel_KR,상승 총영향: Σβ = 0 | 미래 RSn h=5,0.3766976375596494,3.0107955585403374,0.0026056422431794,3.0107955585403374,18.0,0.0368997034557104,0.0085958858071266,True,True,True,True
265,5m_panel_KR,하락 총영향: Σβ = 0 | 미래 RSn h=5,0.1054721197799323,1.527508461161353,0.1266346248612216,1.527508461161353,18.0,0.633173124306108,0.16281594625014204,False,False,False,False
266,5m_panel_KR,합계: Σβ⁻ − Σβ⁺ | 미래 RSn h=5,-0.2712255177797171,-1.9955218613751045,0.0459859922536643,1.9955218613751045,18.0,0.3881219121544914,0.07524980550599612,True,False,False,False
267,5m_panel_KR,상승 총영향: Σβ = 0 | 미래 RV h=5,0.7265658331384105,3.047669857122869,0.0023062314659819,3.047669857122869,18.0,0.0368997034557104,0.0085958858071266,True,True,True,True
268,5m_panel_KR,하락 총영향: Σβ = 0 | 미래 RV h=5,0.2432079892578411,2.131994012071101,0.0330073388164058,2.131994012071101,18.0,0.330073388164058,0.0660146776328116,True,False,False,False
269,5m_panel_KR,합계: Σβ⁻ − Σβ⁺ | 미래 RV h=5,-0.4833578438805693,-2.022500646211328,0.0431246569060546,2.022500646211328,18.0,0.3881219121544914,0.07524980550599612,True,False,False,False
270,5m_panel_US,상승 총영향: Σβ = 0 | 미래 RSp h=1,0.2753896817150388,7.014047683950703,2.315204322083679e-12,7.014047683950703,18.0,4.1673677797506225e-11,4.1673677797506225e-11,True,True,True,True
271,5m_panel_US,하락 총영향: Σβ = 0 | 미래 RSp h=1,0.118658300774234,3.1421421612925955,0.0016771658208461,3.1421421612925955,18.0,0.0184488240293071,0.0037736230969037253,True,True,True,True
272,5m_panel_US,합계: Σβ⁻ − Σβ⁺ | 미래 RSp h=1,-0.1567313809408048,-2.5736207011887413,0.0100640536203654,2.5736207011887413,18.0,0.0905764825832886,0.01811529651665772,True,False,True,False
273,5m_panel_US,상승 총영향: Σβ = 0 | 미래 RSn h=1,0.271098819428948,3.894389099187274,9.844651836644157e-05,3.894389099187274,18.0,0.001575144293863065,0.00040533105295296,True,True,True,True
274,5m_panel_US,하락 총영향: Σβ = 0 | 미래 RSn h=1,0.1639323834863821,2.928679986828251,0.0034040468703713,2.928679986828251,18.0,0.034040468703713,0.0068080937407426,True,True,True,False
275,5m_panel_US,합계: Σβ⁻ − Σβ⁺ | 미래 RSn h=1,-0.1071664359425658,-0.9640046657436963,0.3350435866799861,0.9640046657436963,18.0,1.0,0.3547520329552794,False,False,False,False
276,5m_panel_US,상승 총영향: Σβ = 0 | 미래 RV h=1,0.5464885011439868,6.140094212475694,8.247255270345595e-10,6.140094212475694,18.0,1.4020333959587512e-08,7.422529743311036e-09,True,True,True,True
277,5m_panel_US,하락 총영향: Σβ = 0 | 미래 RV h=1,0.2825906842606161,3.651156316297522,0.0002610622788839,3.651156316297522,18.0,0.0033938096254907003,0.0007831868366517001,True,True,True,True
278,5m_panel_US,합계: Σβ⁻ − Σβ⁺ | 미래 RV h=1,-0.2638978168833707,-1.9628693270379727,0.0496613596730427,1.9628693270379727,18.0,0.3972908773843416,0.0812640431013426,True,False,False,False
279,5m_panel_US,상승 총영향: Σβ = 0 | 미래 RSp h=5,0.1808331722557433,3.8723896746095563,0.0001077734639143,3.8723896746095563,18.0,0.0016166019587145,0.00040533105295296,True,True,True,True
280,5m_panel_US,하락 총영향: Σβ = 0 | 미래 RSp h=5,0.0417912642168901,0.857134709086343,0.3913704408608471,0.857134709086343,18.0,1.0,0.3913704408608471,False,False,False,False
281,5m_panel_US,합계: Σβ⁻ − Σβ⁺ | 미래 RSp h=5,-0.1390419080388531,-1.6544592441419905,0.0980342376414883,1.6544592441419905,18.0,0.6862396634904181,0.14705135646223247,False,False,False,False
282,5m_panel_US,상승 총영향: Σβ = 0 | 미래 RSn h=5,0.1753664681756963,3.2801265801908595,0.0010376052173045,3.2801265801908595,18.0,0.012451262607654,0.0026681277016401424,True,True,True,True
283,5m_panel_US,하락 총영향: Σβ = 0 | 미래 RSn h=5,0.0569651744773226,1.0637721468324717,0.2874319319974976,1.0637721468324717,18.0,1.0,0.323370582910831,False,False,False,False
284,5m_panel_US,합계: Σβ⁻ − Σβ⁺ | 미래 RSn h=5,-0.1184012936983736,-1.197016216758621,0.2313002339881061,1.197016216758621,18.0,1.0,0.29738601512756496,False,False,False,False
285,5m_panel_US,상승 총영향: Σβ = 0 | 미래 RV h=5,0.3561996404314398,3.861719136979963,0.0001125919591536,3.861719136979963,18.0,0.0016166019587145,0.00040533105295296,True,True,True,True
286,5m_panel_US,하락 총영향: Σβ = 0 | 미래 RV h=5,0.0987564386942131,1.0637531981050272,0.2874405181429609,1.0637531981050272,18.0,1.0,0.323370582910831,False,False,False,False
287,5m_panel_US,합계: Σβ⁻ − Σβ⁺ | 미래 RV h=5,-0.2574432017372268,-1.5470798637143532,0.1218439888529541,1.5470798637143532,18.0,0.7310639331177246,0.16870706148870565,False,False,False,False
288,60m_daily_KR,상승 총영향: Σβ = 0 | 미래 RSp h=1,-0.3710994502277255,-0.7623492228090101,0.4458516032419244,0.7623492228090101,27.0,1.0,0.7692418872736582,False,False,False,False
289,60m_daily_KR,하락 총영향: Σβ = 0 | 미래 RSp h=1,1.0001283340968277,2.03952765660905,0.0413973938883484,2.03952765660905,27.0,1.0,0.43953796527865574,True,False,False,False
290,60m_daily_KR,합계: Σβ⁻ − Σβ⁺ | 미래 RSp h=1,1.371227784324553,1.4236956750406127,0.1545345862422911,1.4236956750406127,27.0,1.0,0.5215542285677325,False,False,False,False
291,60m_daily_KR,상승 총영향: Σβ = 0 | 미래 RSn h=1,0.1598572277564583,0.34821227749254907,0.7276807679866332,0.34821227749254907,27.0,1.0,0.9225883039617638,False,False,False,False
292,60m_daily_KR,하락 총영향: Σβ = 0 | 미래 RSn h=1,0.5906284658651071,1.7789727590617959,0.0752442281409088,1.7789727590617959,27.0,1.0,0.43953796527865574,False,False,False,False
293,60m_daily_KR,합계: Σβ⁻ − Σβ⁺ | 미래 RSn h=1,0.4307712381086487,0.5649883390511596,0.5720816957023398,0.5649883390511596,27.0,1.0,0.8581225435535097,False,False,False,False
294,60m_daily_KR,상승 총영향: Σβ = 0 | 미래 RV h=1,-0.2112422224712673,-0.2542915851850281,0.7992703002384264,0.2542915851850281,27.0,1.0,0.9225883039617638,False,False,False,False
295,60m_daily_KR,하락 총영향: Σβ = 0 | 미래 RV h=1,1.590756799961934,2.3747752684433947,0.0175596376358316,2.3747752684433947,27.0,0.4741102161674532,0.43953796527865574,True,False,False,False
296,60m_daily_KR,합계: Σβ⁻ − Σβ⁺ | 미래 RV h=1,1.8019990224332012,1.2134954916397613,0.2249404370077896,1.2134954916397613,27.0,1.0,0.6073391799210319,False,False,False,False
297,60m_daily_KR,상승 총영향: Σβ = 0 | 미래 RSp h=5,-0.0122912095514809,-0.02693354892928524,0.978512735040938,0.02693354892928524,27.0,1.0,0.978512735040938,False,False,False,False
298,60m_daily_KR,하락 총영향: Σβ = 0 | 미래 RSp h=5,0.6413230572285029,1.622869628513443,0.1046172772943489,1.622869628513443,27.0,1.0,0.43953796527865574,False,False,False,False
299,60m_daily_KR,합계: Σβ⁻ − Σβ⁺ | 미래 RSp h=5,0.6536142667799839,0.776775166870534,0.4372914303974118,0.776775166870534,27.0,1.0,0.7692418872736582,False,False,False,False
300,60m_daily_KR,상승 총영향: Σβ = 0 | 미래 RSn h=5,0.0973366636796353,0.1996305324114853,0.8417695469937395,0.1996305324114853,27.0,1.0,0.9225883039617638,False,False,False,False
301,60m_daily_KR,하락 총영향: Σβ = 0 | 미래 RSn h=5,0.6025209076682864,1.6211155658414753,0.1049928562687065,1.6211155658414753,27.0,1.0,0.43953796527865574,False,False,False,False
302,60m_daily_KR,합계: Σβ⁻ − Σβ⁺ | 미래 RSn h=5,0.505184243988651,0.6143714380885816,0.538969905299614,0.6143714380885816,27.0,1.0,0.8560110260640927,False,False,False,False
303,60m_daily_KR,상승 총영향: Σβ = 0 | 미래 RV h=5,0.0850454541281541,0.09475673768839651,0.9245080505134932,0.09475673768839651,27.0,1.0,0.9600660524563198,False,False,False,False
304,60m_daily_KR,하락 총영향: Σβ = 0 | 미래 RV h=5,1.243843964896789,1.815608934789173,0.0694303820610695,1.815608934789173,27.0,1.0,0.43953796527865574,False,False,False,False
305,60m_daily_KR,합계: Σβ⁻ − Σβ⁺ | 미래 RV h=5,1.158798510768635,0.7457026726881406,0.455847044310316,0.7457026726881406,27.0,1.0,0.7692418872736582,False,False,False,False
306,60m_daily_KR,상승 총영향: Σβ = 0 | 미래 RSp h=22,0.2416410874138567,0.5135288718122921,0.6075814200152454,0.5135288718122921,27.0,1.0,0.8634051758111383,False,False,False,False
307,60m_daily_KR,하락 총영향: Σβ = 0 | 미래 RSp h=22,0.3833240346328216,1.2302260818394646,0.2186124555668093,1.2302260818394646,27.0,1.0,0.6073391799210319,False,False,False,False
308,60m_daily_KR,합계: Σβ⁻ − Σβ⁺ | 미래 RSp h=22,0.1416829472189648,0.18370048348974646,0.8542484295942258,0.18370048348974646,27.0,1.0,0.9225883039617638,False,False,False,False
309,60m_daily_KR,상승 총영향: Σβ = 0 | 미래 RSn h=22,0.6954747626621479,1.5806666076765457,0.1139542872944663,1.5806666076765457,27.0,1.0,0.43953796527865574,False,False,False,False
310,60m_daily_KR,하락 총영향: Σβ = 0 | 미래 RSn h=22,0.0749012163162438,0.2834423715079073,0.7768377517483224,0.2834423715079073,27.0,1.0,0.9225883039617638,False,False,False,False
311,60m_daily_KR,합계: Σβ⁻ − Σβ⁺ | 미래 RSn h=22,-0.6205735463459041,-0.9431422869213378,0.345608128639287,0.9431422869213378,27.0,1.0,0.7692418872736582,False,False,False,False
312,60m_daily_KR,상승 총영향: Σβ = 0 | 미래 RV h=22,0.9371158500760052,1.0723718720187054,0.2835530366061485,1.0723718720187054,27.0,1.0,0.6959938171241826,False,False,False,False
313,60m_daily_KR,하락 총영향: Σβ = 0 | 미래 RV h=22,0.4582252509490651,0.8074521163438699,0.4194060512961347,0.8074521163438699,27.0,1.0,0.7692418872736582,False,False,False,False
314,60m_daily_KR,합계: Σβ⁻ − Σβ⁺ | 미래 RV h=22,-0.4788905991269402,-0.3440757498687646,0.7307893195374244,0.3440757498687646,27.0,1.0,0.9225883039617638,False,False,False,False
315,60m_daily_US,상승 총영향: Σβ = 0 | 미래 RSp h=1,-0.5845889429041042,-1.2686182367369387,0.204577256790516,1.2686182367369387,27.0,1.0,0.22484560574254003,False,False,False,False
316,60m_daily_US,하락 총영향: Σβ = 0 | 미래 RSp h=1,1.7801873018263468,3.1669165032171698,0.0015406454714262,3.1669165032171698,27.0,0.038516136785655,0.0138658092428358,True,True,True,True
317,60m_daily_US,합계: Σβ⁻ − Σβ⁺ | 미래 RSp h=1,2.3647762447304514,2.3322939754246894,0.0196852312519064,2.3322939754246894,27.0,0.4133898562900344,0.0759171179514828,True,False,False,False
318,60m_daily_US,상승 총영향: Σβ = 0 | 미래 RSn h=1,-0.2164104769389084,-1.0562601854536053,0.2908493606163049,1.0562601854536053,27.0,1.0,0.30203587448616276,False,False,False,False
319,60m_daily_US,하락 총영향: Σβ = 0 | 미래 RSn h=1,0.6639098491087109,2.5358101691359622,0.0112187529853399,2.5358101691359622,27.0,0.2580313186628177,0.06058126612083546,True,False,False,False
320,60m_daily_US,합계: Σβ⁻ − Σβ⁺ | 미래 RSn h=1,0.8803203260476193,1.9047000580005986,0.0568190714670142,1.9047000580005986,27.0,0.852286072005213,0.11800884073918333,False,False,False,False
321,60m_daily_US,상승 총영향: Σβ = 0 | 미래 RV h=1,-0.8009994198430123,-1.2791584762450345,0.2008412549073525,1.2791584762450345,27.0,1.0,0.22484560574254003,False,False,False,False
322,60m_daily_US,하락 총영향: Σβ = 0 | 미래 RV h=1,2.4440971509350597,3.2777757831939005,0.001046284684676,3.2777757831939005,27.0,0.027561198401405997,0.0138658092428358,True,True,True,True
323,60m_daily_US,합계: Σβ⁻ − Σβ⁺ | 미래 RV h=1,3.245096570778072,2.38250035870542,0.0171955152297977,2.38250035870542,27.0,0.3783013350555494,0.0759171179514828,True,False,False,False
324,60m_daily_US,상승 총영향: Σβ = 0 | 미래 RSp h=5,-0.3584722922768338,-1.0185411786839542,0.3084208417955885,1.0185411786839542,27.0,1.0,0.3084208417955885,False,False,False,False
325,60m_daily_US,하락 총영향: Σβ = 0 | 미래 RSp h=5,1.3158132723573726,3.2847345005339217,0.001020785125978,3.2847345005339217,27.0,0.027561198401405997,0.0138658092428358,True,True,True,True
326,60m_daily_US,합계: Σβ⁻ − Σβ⁺ | 미래 RSp h=5,1.6742855646342063,2.238563986900308,0.0251842996738283,2.238563986900308,27.0,0.503685993476566,0.0759171179514828,True,False,False,False
327,60m_daily_US,상승 총영향: Σβ = 0 | 미래 RSn h=5,-0.4718464172267314,-1.3966812337346275,0.1625094499221701,1.3966812337346275,27.0,1.0,0.2089407213285044,False,False,False,False
328,60m_daily_US,하락 총영향: Σβ = 0 | 미래 RSn h=5,0.7775324489033134,1.9536298783283792,0.0507450044985651,1.9536298783283792,27.0,0.8475321777057112,0.11417626012177147,False,False,False,False
329,60m_daily_US,합계: Σβ⁻ − Σβ⁺ | 미래 RSn h=5,1.249378866130045,1.7043413591985856,0.0883173324010333,1.7043413591985856,27.0,1.0,0.1503890903253695,False,False,False,False
330,60m_daily_US,상승 총영향: Σβ = 0 | 미래 RV h=5,-0.8303187095035647,-1.2585570306200609,0.2081903756875371,1.2585570306200609,27.0,1.0,0.22484560574254003,False,False,False,False
331,60m_daily_US,하락 총영향: Σβ = 0 | 미래 RV h=5,2.093345721260686,2.7406703376941572,0.0061313991309988,2.7406703376941572,27.0,0.1471535791439712,0.041386944134241904,True,False,True,False
332,60m_daily_US,합계: Σβ⁻ − Σβ⁺ | 미래 RV h=5,2.9236644307642505,2.0634884410781154,0.0390662448934708,2.0634884410781154,27.0,0.7031924080824743,0.10547886121237116,True,False,False,False
333,60m_daily_US,상승 총영향: Σβ = 0 | 미래 RSp h=22,-0.5416415836691196,-1.3476941276110013,0.177756781619446,1.3476941276110013,27.0,1.0,0.21815605016932008,False,False,False,False
334,60m_daily_US,하락 총영향: Σβ = 0 | 미래 RSp h=22,0.9758808284258368,2.2367037923816664,0.0253057059838276,2.2367037923816664,27.0,0.503685993476566,0.0759171179514828,True,False,False,False
335,60m_daily_US,합계: Σβ⁻ − Σβ⁺ | 미래 RSp h=22,1.5175224120949564,1.813970978548499,0.0696821939054342,1.813970978548499,27.0,0.9755507146760789,0.13438708824619452,False,False,False,False
336,60m_daily_US,상승 총영향: Σβ = 0 | 미래 RSn h=22,-0.5635512914809873,-1.471525629926961,0.1411490214344721,1.471525629926961,27.0,1.0,0.20058018835424984,False,False,False,False
337,60m_daily_US,하락 총영향: Σβ = 0 | 미래 RSn h=22,0.6830625805764252,1.6586460694060319,0.0971871326862006,1.6586460694060319,27.0,1.0,0.1543560342663186,False,False,False,False
338,60m_daily_US,합계: Σβ⁻ − Σβ⁺ | 미래 RSn h=22,1.2466138720574125,1.5716687561559752,0.1160273917123413,1.5716687561559752,27.0,1.0,0.17404108756851197,False,False,False,False
339,60m_daily_US,상승 총영향: Σβ = 0 | 미래 RV h=22,-1.1051928751501077,-1.4111633503253675,0.158196453961052,1.4111633503253675,27.0,1.0,0.2089407213285044,False,False,False,False
340,60m_daily_US,하락 총영향: Σβ = 0 | 미래 RV h=22,1.658943409002262,1.9612074000708177,0.0498548339826889,1.9612074000708177,27.0,0.8475321777057112,0.11417626012177147,True,False,False,False
341,60m_daily_US,합계: Σβ⁻ − Σβ⁺ | 미래 RV h=22,2.76413628415237,1.700060953163248,0.0891194609335523,1.700060953163248,27.0,1.0,0.1503890903253695,False,False,False,False
342,60m_decomp_index_KR,[장중] 상승 총영향: Σβ = 0 | 미래 RSp h=1,-0.04907559769031,-0.05675918505710266,0.9547370271003092,0.05675918505710266,54.0,1.0,0.9547370271003092,False,False,False,False
343,60m_decomp_index_KR,[장중] 하락 총영향: Σβ = 0 | 미래 RSp h=1,0.6066225474554313,0.8616338940798745,0.3888890133451359,0.8616338940798745,54.0,1.0,0.569171009512869,False,False,False,False
344,60m_decomp_index_KR,[장중] 합계: Σβ⁻ − Σβ⁺ | 미래 RSp h=1,0.6556981451457413,0.42910739928100883,0.6678450677700207,0.42910739928100883,54.0,1.0,0.7970175112128619,False,False,False,False
345,60m_decomp_index_KR,[밤사이] 상승 총영향: Σβ = 0 | 미래 RSp h=1,-0.0293807406523613,-0.22444523750114315,0.8224108739890256,0.22444523750114315,54.0,1.0,0.9055183275119485,False,False,False,False
346,60m_decomp_index_KR,[밤사이] 하락 총영향: Σβ = 0 | 미래 RSp h=1,0.1095738895530684,0.5157556492455723,0.6060250820391807,0.5157556492455723,54.0,1.0,0.7970175112128619,False,False,False,False
347,60m_decomp_index_KR,[밤사이] 합계: Σβ⁻ − Σβ⁺ | 미래 RSp h=1,0.1389546302054298,0.48431396934264886,0.6281630634421658,0.48431396934264886,54.0,1.0,0.7970175112128619,False,False,False,False
348,60m_decomp_index_KR,[장중] 상승 총영향: Σβ = 0 | 미래 RSn h=1,3.238091708083637,2.8041943084306653,0.0050442495424456,2.8041943084306653,54.0,0.24716822757983442,0.04001408482304272,True,False,True,False
349,60m_decomp_index_KR,[장중] 하락 총영향: Σβ = 0 | 미래 RSn h=1,-2.6245342419799766,-2.222413280951997,0.0262553886196761,2.222413280951997,54.0,1.0,0.10235562712592401,True,False,False,False
350,60m_decomp_index_KR,[장중] 합계: Σβ⁻ − Σβ⁺ | 미래 RSn h=1,-5.862625950063613,-2.527373463484373,0.0114919227122794,2.527373463484373,54.0,0.517136522052573,0.05997415714812786,True,False,False,False
351,60m_decomp_index_KR,[밤사이] 상승 총영향: Σβ = 0 | 미래 RSn h=1,0.1537366090288103,0.5901064501763321,0.5551192847397532,0.5901064501763321,54.0,1.0,0.7494110343986669,False,False,False,False
352,60m_decomp_index_KR,[밤사이] 하락 총영향: Σβ = 0 | 미래 RSn h=1,0.5835393538297403,2.028115102123593,0.0425485019229857,2.028115102123593,54.0,1.0,0.12764550576895708,True,False,False,False
353,60m_decomp_index_KR,[밤사이] 합계: Σβ⁻ − Σβ⁺ | 미래 RSn h=1,0.42980274480093,0.9187778974425601,0.3582117555391271,0.9187778974425601,54.0,1.0,0.569171009512869,False,False,False,False
354,60m_decomp_index_KR,[장중] 상승 총영향: Σβ = 0 | 미래 RV h=1,3.189016110393327,2.4330285771920326,0.0149731190922427,2.4330285771920326,54.0,0.6438441209664361,0.06737903591509214,True,False,False,False
355,60m_decomp_index_KR,[장중] 하락 총영향: Σβ = 0 | 미래 RV h=1,-2.017911694524546,-1.6024230815955305,0.1090620841156961,1.6024230815955305,54.0,1.0,0.2453896892603162,False,False,False,False
356,60m_decomp_index_KR,[장중] 합계: Σβ⁻ − Σβ⁺ | 미래 RV h=1,-5.206927804917873,-2.0803232041094866,0.0374958978561596,2.0803232041094866,54.0,1.0,0.12274347789168649,True,False,False,False
357,60m_decomp_index_KR,[밤사이] 상승 총영향: Σβ = 0 | 미래 RV h=1,0.1243558683764488,0.41555364719545973,0.6777366512154792,0.41555364719545973,54.0,1.0,0.7970175112128619,False,False,False,False
358,60m_decomp_index_KR,[밤사이] 하락 총영향: Σβ = 0 | 미래 RV h=1,0.6931132433828089,1.559201386705077,0.1189487227514251,1.559201386705077,54.0,1.0,0.2569292411430782,False,False,False,False
359,60m_decomp_index_KR,[밤사이] 합계: Σβ⁻ − Σβ⁺ | 미래 RV h=1,0.56875737500636,0.8988929319101386,0.3687096931518949,0.8988929319101386,54.0,1.0,0.569171009512869,False,False,False,False
360,60m_decomp_index_KR,[장중] 상승 총영향: Σβ = 0 | 미래 RSp h=5,0.2985318737087324,0.4139088764929205,0.6789408428850305,0.4139088764929205,54.0,1.0,0.7970175112128619,False,False,False,False
361,60m_decomp_index_KR,[장중] 하락 총영향: Σβ = 0 | 미래 RSp h=5,0.5739708857711896,0.8799518796838188,0.3788853782252906,0.8799518796838188,54.0,1.0,0.569171009512869,False,False,False,False
362,60m_decomp_index_KR,[장중] 합계: Σβ⁻ − Σβ⁺ | 미래 RSp h=5,0.2754390120624571,0.20388560308924214,0.8384428958443968,0.20388560308924214,54.0,1.0,0.9055183275119485,False,False,False,False
363,60m_decomp_index_KR,[밤사이] 상승 총영향: Σβ = 0 | 미래 RSp h=5,-0.0710839264233142,-0.6111354288208259,0.5411099267507907,0.6111354288208259,54.0,1.0,0.7492291293472487,False,False,False,False
364,60m_decomp_index_KR,[밤사이] 하락 총영향: Σβ = 0 | 미래 RSp h=5,-0.0310190335241544,-0.1737943355112336,0.8620270962562642,0.1737943355112336,54.0,1.0,0.9127345725066326,False,False,False,False
365,60m_decomp_index_KR,[밤사이] 합계: Σβ⁻ − Σβ⁺ | 미래 RSp h=5,0.0400648928991598,0.15117013909282387,0.8798415051122843,0.15117013909282387,54.0,1.0,0.9136815630012183,False,False,False,False
366,60m_decomp_index_KR,[장중] 상승 총영향: Σβ = 0 | 미래 RSn h=5,2.971812279438577,3.198090643203099,0.0013834078899431,3.198090643203099,54.0,0.0747040260569274,0.0316192017727188,True,False,True,True
367,60m_decomp_index_KR,[장중] 하락 총영향: Σβ = 0 | 미래 RSn h=5,-1.9271507530251968,-2.218266834975968,0.026536644069684,2.218266834975968,54.0,1.0,0.10235562712592401,True,False,False,False
368,60m_decomp_index_KR,[장중] 합계: Σβ⁻ − Σβ⁺ | 미래 RSn h=5,-4.898963032463774,-2.7517369013657778,0.0059280125663767,2.7517369013657778,54.0,0.2786165906197049,0.04001408482304272,True,False,True,False
369,60m_decomp_index_KR,[밤사이] 상승 총영향: Σβ = 0 | 미래 RSn h=5,0.0979400497215182,0.3925316688643233,0.6946654166780653,0.3925316688643233,54.0,1.0,0.7981262234173515,False,False,False,False
370,60m_decomp_index_KR,[밤사이] 하락 총영향: Σβ = 0 | 미래 RSn h=5,0.2700469587402067,1.217628386381355,0.2233652222125978,1.217628386381355,54.0,1.0,0.46391238459539547,False,False,False,False
371,60m_decomp_index_KR,[밤사이] 합계: Σβ⁻ − Σβ⁺ | 미래 RSn h=5,0.1721069090186884,0.41724475936749705,0.6764993893029183,0.41724475936749705,54.0,1.0,0.7970175112128619,False,False,False,False
372,60m_decomp_index_KR,[장중] 상승 총영향: Σβ = 0 | 미래 RV h=5,3.2703441531473096,2.505814835774889,0.0122169579375816,2.505814835774889,54.0,0.5375461492535903,0.05997415714812786,True,False,False,False
373,60m_decomp_index_KR,[장중] 하락 총영향: Σβ = 0 | 미래 RV h=5,-1.3531798672540063,-1.1696392179395052,0.2421461879594095,1.1696392179395052,54.0,1.0,0.4842923759188191,False,False,False,False
374,60m_decomp_index_KR,[장중] 합계: Σβ⁻ − Σβ⁺ | 미래 RV h=5,-4.623524020401316,-1.8976002685854947,0.0577487590238681,1.8976002685854947,54.0,1.0,0.15592164936444386,False,False,False,False
375,60m_decomp_index_KR,[밤사이] 상승 총영향: Σβ = 0 | 미래 RV h=5,0.0268561232982038,0.07926667663086337,0.9368205110713722,0.07926667663086337,54.0,1.0,0.9544963697708321,False,False,False,False
376,60m_decomp_index_KR,[밤사이] 하락 총영향: Σβ = 0 | 미래 RV h=5,0.2390279252160522,0.6638219270423726,0.5068042899586938,0.6638219270423726,54.0,1.0,0.7201955699413016,False,False,False,False
377,60m_decomp_index_KR,[밤사이] 합계: Σβ⁻ − Σβ⁺ | 미래 RV h=5,0.2121718019178484,0.3319823327344315,0.7399025996212445,0.3319823327344315,54.0,1.0,0.8323904245739001,False,False,False,False
378,60m_decomp_index_KR,[장중] 상승 총영향: Σβ = 0 | 미래 RSp h=22,1.1672785867501945,2.9212249689581373,0.0034865796273323,2.9212249689581373,54.0,0.1778155609939473,0.04001408482304272,True,False,True,False
379,60m_decomp_index_KR,[장중] 하락 총영향: Σβ = 0 | 미래 RSp h=22,-0.3403825105379819,-0.9063653990025701,0.3647424805904706,0.9063653990025701,54.0,1.0,0.569171009512869,False,False,False,False
380,60m_decomp_index_KR,[장중] 합계: Σβ⁻ − Σβ⁺ | 미래 RSp h=22,-1.5076610972881763,-1.9638480176515019,0.0495477196576104,1.9638480176515019,54.0,1.0,0.1408198348163664,True,False,False,False
381,60m_decomp_index_KR,[밤사이] 상승 총영향: Σβ = 0 | 미래 RSp h=22,0.1843477928733852,1.1201640373239394,0.2626438659213939,1.1201640373239394,54.0,1.0,0.5065274557055454,False,False,False,False
382,60m_decomp_index_KR,[밤사이] 하락 총영향: Σβ = 0 | 미래 RSp h=22,-0.203817359830636,-2.5367024601427137,0.0111902016673036,2.5367024601427137,54.0,0.5147492766959656,0.05997415714812786,True,False,False,False
383,60m_decomp_index_KR,[밤사이] 합계: Σβ⁻ − Σβ⁺ | 미래 RSp h=22,-0.3881651527040213,-1.749764131840734,0.0801590222730532,1.749764131840734,54.0,1.0,0.20457519799371504,False,False,False,False
384,60m_decomp_index_KR,[장중] 상승 총영향: Σβ = 0 | 미래 RSn h=22,1.5920265092291372,3.159405775048815,0.0015809121107709,3.159405775048815,54.0,0.0837883418708577,0.0316192017727188,True,False,True,True
385,60m_decomp_index_KR,[장중] 하락 총영향: Σβ = 0 | 미래 RSn h=22,-0.3965283844258812,-0.8596399543071649,0.389987543555114,0.8596399543071649,54.0,1.0,0.569171009512869,False,False,False,False
386,60m_decomp_index_KR,[장중] 합계: Σβ⁻ − Σβ⁺ | 미래 RSn h=22,-1.9885548936550184,-2.0701485812495917,0.0384384326632554,2.0701485812495917,54.0,1.0,0.12274347789168649,True,False,False,False
387,60m_decomp_index_KR,[밤사이] 상승 총영향: Σβ = 0 | 미래 RSn h=22,0.211004097633986,1.0392149442560545,0.2987047817550102,1.0392149442560545,54.0,1.0,0.5376686071590183,False,False,False,False
388,60m_decomp_index_KR,[밤사이] 하락 총영향: Σβ = 0 | 미래 RSn h=22,-0.273592500843662,-2.828471088962692,0.0046770925382421,2.828471088962692,54.0,0.233854626912105,0.04001408482304272,True,False,True,False
389,60m_decomp_index_KR,[밤사이] 합계: Σβ⁻ − Σβ⁺ | 미래 RSn h=22,-0.4845965984776481,-1.7064807972096578,0.0879185986113775,1.7064807972096578,54.0,1.0,0.20641757934845154,False,False,False,False
390,60m_decomp_index_KR,[장중] 상승 총영향: Σβ = 0 | 미래 RV h=22,2.7593050959793324,3.1285648680834433,0.0017566223207066,3.1285648680834433,54.0,0.0913443606767432,0.0316192017727188,True,False,True,True
391,60m_decomp_index_KR,[장중] 하락 총영향: Σβ = 0 | 미래 RV h=22,-0.7369108949638632,-0.9009624418526551,0.3676082893726816,0.9009624418526551,54.0,1.0,0.569171009512869,False,False,False,False
392,60m_decomp_index_KR,[장중] 합계: Σβ⁻ − Σβ⁺ | 미래 RV h=22,-3.496215990943196,-2.067984663548057,0.0386414652621976,2.067984663548057,54.0,1.0,0.12274347789168649,True,False,False,False
393,60m_decomp_index_KR,[밤사이] 상승 총영향: Σβ = 0 | 미래 RV h=22,0.3953518905073712,1.0828068599243248,0.2788941600374959,1.0828068599243248,54.0,1.0,0.51932016006982,False,False,False,False
394,60m_decomp_index_KR,[밤사이] 하락 총영향: Σβ = 0 | 미래 RV h=22,-0.4774098606742979,-2.7604651711244816,0.0057719112034906,2.7604651711244816,54.0,0.27705173776754877,0.04001408482304272,True,False,True,False
395,60m_decomp_index_KR,[밤사이] 합계: Σβ⁻ − Σβ⁺ | 미래 RV h=22,-0.8727617511816692,-1.731596380967685,0.0833454510344765,1.731596380967685,54.0,1.0,0.20457519799371504,False,False,False,False
396,60m_decomp_index_US,[장중] 상승 총영향: Σβ = 0 | 미래 RSp h=1,-0.462506222972857,-1.00226001827618,0.3162180272520964,1.00226001827618,54.0,1.0,0.388085760718482,False,False,False,False
397,60m_decomp_index_US,[장중] 하락 총영향: Σβ = 0 | 미래 RSp h=1,0.8527873718462897,1.713843288618924,0.0865575107609961,1.713843288618924,54.0,1.0,0.1950913976450758,False,False,False,False
398,60m_decomp_index_US,[장중] 합계: Σβ⁻ − Σβ⁺ | 미래 RSp h=1,1.3152935948191466,1.4182402825648366,0.1561206248684324,1.4182402825648366,54.0,1.0,0.24784918672786288,False,False,False,False
399,60m_decomp_index_US,[밤사이] 상승 총영향: Σβ = 0 | 미래 RSp h=1,0.6578983219642534,2.027923504637219,0.0425680558131299,2.027923504637219,54.0,1.0,0.13521617728876556,True,False,False,False
400,60m_decomp_index_US,[밤사이] 하락 총영향: Σβ = 0 | 미래 RSp h=1,0.3668378647318243,1.8109102205590004,0.0701547502318,1.8109102205590004,54.0,1.0,0.18941782562586001,False,False,False,False
401,60m_decomp_index_US,[밤사이] 합계: Σβ⁻ − Σβ⁺ | 미래 RSp h=1,-0.291060457232429,-0.8811523407984918,0.3782353708895143,0.8811523407984918,54.0,1.0,0.4351077319003667,False,False,False,False
402,60m_decomp_index_US,[장중] 상승 총영향: Σβ = 0 | 미래 RSn h=1,0.0499790860605709,0.25645986570412294,0.7975957668546827,0.25645986570412294,54.0,1.0,0.8263996638198824,False,False,False,False
403,60m_decomp_index_US,[장중] 하락 총영향: Σβ = 0 | 미래 RSn h=1,-0.0204073658847204,-0.09685687804835318,0.9228400540668557,0.09685687804835318,54.0,1.0,0.9228400540668557,False,False,False,False
404,60m_decomp_index_US,[장중] 합계: Σβ⁻ − Σβ⁺ | 미래 RSn h=1,-0.0703864519452914,-0.23901240157173942,0.8110959663417365,0.23901240157173942,54.0,1.0,0.8263996638198824,False,False,False,False
405,60m_decomp_index_US,[밤사이] 상승 총영향: Σβ = 0 | 미래 RSn h=1,-0.3454830609357209,-1.7706843375263157,0.076613208444559,1.7706843375263157,54.0,1.0,0.1950913976450758,False,False,False,False
406,60m_decomp_index_US,[밤사이] 하락 총영향: Σβ = 0 | 미래 RSn h=1,0.6383220481485636,2.067140253899955,0.038720940001471,2.067140253899955,54.0,1.0,0.13498998870296264,True,False,False,False
407,60m_decomp_index_US,[밤사이] 합계: Σβ⁻ − Σβ⁺ | 미래 RSn h=1,0.9838051090842844,2.2121457753949536,0.0269565941107392,2.2121457753949536,54.0,1.0,0.13498998870296264,True,False,False,False
408,60m_decomp_index_US,[장중] 상승 총영향: Σβ = 0 | 미래 RV h=1,-0.4125271369122856,-0.6979743648297745,0.4851932259708751,0.6979743648297745,54.0,1.0,0.5458423792172346,False,False,False,False
409,60m_decomp_index_US,[장중] 하락 총영향: Σβ = 0 | 미래 RV h=1,0.8323800059615692,2.077863964471095,0.0377218903780136,2.077863964471095,54.0,1.0,0.13498998870296264,True,False,False,False
410,60m_decomp_index_US,[장중] 합계: Σβ⁻ − Σβ⁺ | 미래 RV h=1,1.2449071428738547,1.3194185440575654,0.1870292255656144,1.3194185440575654,54.0,1.0,0.25585703038127816,False,False,False,False
411,60m_decomp_index_US,[밤사이] 상승 총영향: Σβ = 0 | 미래 RV h=1,0.3124152610285325,1.3119893552192476,0.1895237262083542,1.3119893552192476,54.0,1.0,0.25585703038127816,False,False,False,False
412,60m_decomp_index_US,[밤사이] 하락 총영향: Σβ = 0 | 미래 RV h=1,1.0051599128803892,2.333145943829596,0.0196404868195948,2.333145943829596,54.0,1.0,0.13498998870296264,True,False,False,False
413,60m_decomp_index_US,[밤사이] 합계: Σβ⁻ − Σβ⁺ | 미래 RV h=1,0.6927446518518567,2.1559545110181064,0.0310872173298548,2.1559545110181064,54.0,1.0,0.13498998870296264,True,False,False,False
414,60m_decomp_index_US,[장중] 상승 총영향: Σβ = 0 | 미래 RSp h=5,-0.3455943891505432,-1.1907610603486911,0.2337473995697807,1.1907610603486911,54.0,1.0,0.3078624287016624,False,False,False,False
415,60m_decomp_index_US,[장중] 하락 총영향: Σβ = 0 | 미래 RSp h=5,0.2910122385457781,1.9032153907335685,0.0570124457002824,1.9032153907335685,54.0,1.0,0.16203537199027632,False,False,False,False
416,60m_decomp_index_US,[장중] 합계: Σβ⁻ − Σβ⁺ | 미래 RSp h=5,0.6366066276963213,1.7055091962546836,0.0880994986196403,1.7055091962546836,54.0,1.0,0.1950913976450758,False,False,False,False
417,60m_decomp_index_US,[밤사이] 상승 총영향: Σβ = 0 | 미래 RSp h=5,-0.090420347070236,-0.5267177410140208,0.598389613739992,0.5267177410140208,54.0,1.0,0.6462607828391914,False,False,False,False
418,60m_decomp_index_US,[밤사이] 하락 총영향: Σβ = 0 | 미래 RSp h=5,0.8524635003479452,2.246437863207622,0.0246759753799638,2.246437863207622,54.0,1.0,0.13498998870296264,True,False,False,False
419,60m_decomp_index_US,[밤사이] 합계: Σβ⁻ − Σβ⁺ | 미래 RSp h=5,0.9428838474181812,2.1570422196030825,0.0310023749844487,2.1570422196030825,54.0,1.0,0.13498998870296264,True,False,False,False
420,60m_decomp_index_US,[장중] 상승 총영향: Σβ = 0 | 미래 RSn h=5,-0.0489966730779805,-0.2944385727120798,0.7684227957416334,0.2944385727120798,54.0,1.0,0.8136241366676119,False,False,False,False
421,60m_decomp_index_US,[장중] 하락 총영향: Σβ = 0 | 미래 RSn h=5,0.1370951672734502,0.8802851083576682,0.378704877765134,0.8802851083576682,54.0,1.0,0.4351077319003667,False,False,False,False
422,60m_decomp_index_US,[장중] 합계: Σβ⁻ − Σβ⁺ | 미래 RSn h=5,0.1860918403514307,0.6332844284939417,0.5265479200447242,0.6332844284939417,54.0,1.0,0.5802772996411246,False,False,False,False
423,60m_decomp_index_US,[밤사이] 상승 총영향: Σβ = 0 | 미래 RSn h=5,-0.2301020665302695,-1.3933217665410444,0.1635225113749728,1.3933217665410444,54.0,1.0,0.24784918672786288,False,False,False,False
424,60m_decomp_index_US,[밤사이] 하락 총영향: Σβ = 0 | 미래 RSn h=5,0.4556213211551733,2.594208094449274,0.009480908383956,2.594208094449274,54.0,0.511969052733624,0.13498998870296264,True,False,False,False
425,60m_decomp_index_US,[밤사이] 합계: Σβ⁻ − Σβ⁺ | 미래 RSn h=5,0.6857233876854428,2.430840536493583,0.0150638427852952,2.430840536493583,54.0,0.7983836676206456,0.13498998870296264,True,False,False,False
426,60m_decomp_index_US,[장중] 상승 총영향: Σβ = 0 | 미래 RV h=5,-0.3945910622285236,-0.8976649177524293,0.369364218137382,0.8976649177524293,54.0,1.0,0.4351077319003667,False,False,False,False
427,60m_decomp_index_US,[장중] 하락 총영향: Σβ = 0 | 미래 RV h=5,0.4281074058192278,1.586544957131332,0.1126157423002941,1.586544957131332,54.0,1.0,0.20270833614052938,False,False,False,False
428,60m_decomp_index_US,[장중] 합계: Σβ⁻ − Σβ⁺ | 미래 RV h=5,0.8226984680477516,1.3289730379495475,0.1838568652961245,1.3289730379495475,54.0,1.0,0.25585703038127816,False,False,False,False
429,60m_decomp_index_US,[밤사이] 상승 총영향: Σβ = 0 | 미래 RV h=5,-0.3205224136005051,-1.023893002673254,0.3058858156248075,1.023893002673254,54.0,1.0,0.38413567543580474,False,False,False,False
430,60m_decomp_index_US,[밤사이] 하락 총영향: Σβ = 0 | 미래 RV h=5,1.3080848215031184,2.364586406157062,0.0180502162039496,2.364586406157062,54.0,0.9386112426053792,0.13498998870296264,True,False,False,False
431,60m_decomp_index_US,[밤사이] 합계: Σβ⁻ − Σβ⁺ | 미래 RV h=5,1.6286072351036234,2.3148664093570512,0.0206202441730349,2.3148664093570512,54.0,1.0,0.13498998870296264,True,False,False,False
432,60m_decomp_index_US,[장중] 상승 총영향: Σβ = 0 | 미래 RSp h=22,-0.6239827321003089,-1.5868625132957126,0.1125437867205636,1.5868625132957126,54.0,1.0,0.20270833614052938,False,False,False,False
433,60m_decomp_index_US,[장중] 하락 총영향: Σβ = 0 | 미래 RSp h=22,1.816340030785824,1.6304876586345967,0.1029984714488929,1.6304876586345967,54.0,1.0,0.19863990922286487,False,False,False,False
434,60m_decomp_index_US,[장중] 합계: Σβ⁻ − Σβ⁺ | 미래 RSp h=22,2.440322762886133,1.6357770351925172,0.101886259982381,1.6357770351925172,54.0,1.0,0.19863990922286487,False,False,False,False
435,60m_decomp_index_US,[밤사이] 상승 총영향: Σβ = 0 | 미래 RSp h=22,-0.7372904096843834,-1.6750068118456336,0.0939328951624439,1.6750068118456336,54.0,1.0,0.1950913976450758,False,False,False,False
436,60m_decomp_index_US,[밤사이] 하락 총영향: Σβ = 0 | 미래 RSp h=22,0.2510274797463787,1.9570269934522657,0.050344294802047,1.9570269934522657,54.0,1.0,0.15103288440614102,False,False,False,False
437,60m_decomp_index_US,[밤사이] 합계: Σβ⁻ − Σβ⁺ | 미래 RSp h=22,0.9883178894307622,2.1080322000186995,0.0350282042602065,2.1080322000186995,54.0,1.0,0.13498998870296264,True,False,False,False
438,60m_decomp_index_US,[장중] 상승 총영향: Σβ = 0 | 미래 RSn h=22,-0.2444520448543777,-1.1044843012552337,0.2693831097795983,1.1044843012552337,54.0,1.0,0.34634971257376923,False,False,False,False
439,60m_decomp_index_US,[장중] 하락 총영향: Σβ = 0 | 미래 RSn h=22,0.8484783969261713,1.3876856382326703,0.1652327911519086,1.3876856382326703,54.0,1.0,0.24784918672786288,False,False,False,False
440,60m_decomp_index_US,[장중] 합계: Σβ⁻ − Σβ⁺ | 미래 RSn h=22,1.092930441780549,1.3273384199633032,0.1843967601041921,1.3273384199633032,54.0,1.0,0.25585703038127816,False,False,False,False
441,60m_decomp_index_US,[밤사이] 상승 총영향: Σβ = 0 | 미래 RSn h=22,-0.4117067421859778,-1.693583336434472,0.0903444867166335,1.693583336434472,54.0,1.0,0.1950913976450758,False,False,False,False
442,60m_decomp_index_US,[밤사이] 하락 총영향: Σβ = 0 | 미래 RSn h=22,0.1562456245745982,2.104924099081822,0.0352979155584216,2.104924099081822,54.0,1.0,0.13498998870296264,True,False,False,False
443,60m_decomp_index_US,[밤사이] 합계: Σβ⁻ − Σβ⁺ | 미래 RSn h=22,0.5679523667605761,2.179146034848108,0.0293208213702546,2.179146034848108,54.0,1.0,0.13498998870296264,True,False,False,False
444,60m_decomp_index_US,[장중] 상승 총영향: Σβ = 0 | 미래 RV h=22,-0.8684347769546867,-1.4178871271881122,0.156223721264823,1.4178871271881122,54.0,1.0,0.24784918672786288,False,False,False,False
445,60m_decomp_index_US,[장중] 하락 총영향: Σβ = 0 | 미래 RV h=22,2.6648184277119964,1.5479692528999311,0.1216296994433265,1.5479692528999311,54.0,1.0,0.2118710893528913,False,False,False,False
446,60m_decomp_index_US,[장중] 합계: Σβ⁻ − Σβ⁺ | 미래 RV h=22,3.533253204666683,1.5295022859446634,0.1261399728019183,1.5295022859446634,54.0,1.0,0.21286120410323714,False,False,False,False
447,60m_decomp_index_US,[밤사이] 상승 총영향: Σβ = 0 | 미래 RV h=22,-1.148997151870361,-1.6858461241471001,0.0918254411879337,1.6858461241471001,54.0,1.0,0.1950913976450758,False,False,False,False
448,60m_decomp_index_US,[밤사이] 하락 총영향: Σβ = 0 | 미래 RV h=22,0.4072731043209773,2.0537795438180284,0.0399970336897667,2.0537795438180284,54.0,1.0,0.13498998870296264,True,False,False,False
449,60m_decomp_index_US,[밤사이] 합계: Σβ⁻ − Σβ⁺ | 미래 RV h=22,1.5562702561913384,2.1396335910704924,0.032384389733222,2.1396335910704924,54.0,1.0,0.13498998870296264,True,False,False,False
450,60m_decomp_panel_KR,[장중] 상승 총영향: Σβ = 0 | 미래 RSp h=1,0.3320800331660078,6.330482336743412,2.443959963725456e-10,6.330482336743412,54.0,1.2952987807744917e-08,6.598691902058731e-09,True,True,True,True
451,60m_decomp_panel_KR,[장중] 하락 총영향: Σβ = 0 | 미래 RSp h=1,0.2367417099323387,3.189710998696399,0.0014241513407764,3.189710998696399,54.0,0.0626626589941616,0.006991288400175055,True,False,True,True
452,60m_decomp_panel_KR,[장중] 합계: Σβ⁻ − Σβ⁺ | 미래 RSp h=1,-0.095338323233669,-0.8664782712035362,0.3862279371675321,0.8664782712035362,54.0,1.0,0.5958945316299067,False,False,False,False
453,60m_decomp_panel_KR,[밤사이] 상승 총영향: Σβ = 0 | 미래 RSp h=1,0.0430424483443823,1.499671444323003,0.1336995309941946,1.499671444323003,54.0,1.0,0.30082394473693785,False,False,False,False
454,60m_decomp_panel_KR,[밤사이] 하락 총영향: Σβ = 0 | 미래 RSp h=1,0.0013009879540709,0.052651968974235394,0.9580092091092468,0.052651968974235394,54.0,1.0,0.9819805713405917,False,False,False,False
455,60m_decomp_panel_KR,[밤사이] 합계: Σβ⁻ − Σβ⁺ | 미래 RSp h=1,-0.0417414603903113,-0.8747741903327184,0.3816967831401834,0.8747741903327184,54.0,1.0,0.5958945316299067,False,False,False,False
456,60m_decomp_panel_KR,[장중] 상승 총영향: Σβ = 0 | 미래 RSn h=1,0.3066689742848887,5.4509625200442455,5.009792884491384e-08,5.4509625200442455,54.0,2.504896442245692e-06,5.410576315250695e-07,True,True,True,True
457,60m_decomp_panel_KR,[장중] 하락 총영향: Σβ = 0 | 미래 RSn h=1,0.269993244712186,2.9645805565811947,0.0030309587556004,2.9645805565811947,54.0,0.1303312264908172,0.013624493076724887,True,False,True,False
458,60m_decomp_panel_KR,[장중] 합계: Σβ⁻ − Σβ⁺ | 미래 RSn h=1,-0.0366757295727027,-0.29944845826204125,0.764597893005089,0.29944845826204125,54.0,1.0,0.9112536549339678,False,False,False,False
459,60m_decomp_panel_KR,[밤사이] 상승 총영향: Σβ = 0 | 미래 RSn h=1,0.0303206698551703,1.2636752071435862,0.2063466274466715,1.2636752071435862,54.0,1.0,0.39984189253829594,False,False,False,False
460,60m_decomp_panel_KR,[밤사이] 하락 총영향: Σβ = 0 | 미래 RSn h=1,0.0294479774724275,1.218528967886403,0.2230230235328709,1.218528967886403,54.0,1.0,0.4014414423591676,False,False,False,False
461,60m_decomp_panel_KR,[밤사이] 합계: Σβ⁻ − Σβ⁺ | 미래 RSn h=1,-0.0008726923827428,-0.02258592480863961,0.9819805713405916,0.02258592480863961,54.0,1.0,0.9819805713405917,False,False,False,False
462,60m_decomp_panel_KR,[장중] 상승 총영향: Σβ = 0 | 미래 RV h=1,0.6387490074508964,7.8679557119962915,3.604831388226603e-15,7.8679557119962915,54.0,1.9466089496423658e-13,1.9466089496423658e-13,True,True,True,True
463,60m_decomp_panel_KR,[장중] 하락 총영향: Σβ = 0 | 미래 RV h=1,0.5067349546445251,3.2802918720511665,0.0010369974510151,3.2802918720511665,54.0,0.046664885295679505,0.00559978623548154,True,True,True,True
464,60m_decomp_panel_KR,[장중] 합계: Σβ⁻ − Σβ⁺ | 미래 RV h=1,-0.1320140528063712,-0.627652944974778,0.5302313168770034,0.627652944974778,54.0,1.0,0.734166438752774,False,False,False,False
465,60m_decomp_panel_KR,[밤사이] 상승 총영향: Σβ = 0 | 미래 RV h=1,0.0733631181995526,1.6351327598092407,0.1020212199993439,1.6351327598092407,54.0,1.0,0.2509638707095095,False,False,False,False
466,60m_decomp_panel_KR,[밤사이] 하락 총영향: Σβ = 0 | 미래 RV h=1,0.0307489654264983,0.7497853947518316,0.4533839665017791,0.7497853947518316,54.0,1.0,0.6567072613229482,False,False,False,False
467,60m_decomp_panel_KR,[밤사이] 합계: Σβ⁻ − Σβ⁺ | 미래 RV h=1,-0.0426141527730543,-0.5741270828230479,0.5658818076462127,0.5741270828230479,54.0,1.0,0.7453077466559874,False,False,False,False
468,60m_decomp_panel_KR,[장중] 상승 총영향: Σβ = 0 | 미래 RSp h=5,0.2727805276884646,5.598223268368884,2.165597414223517e-08,5.598223268368884,54.0,1.1044546812539936e-06,2.9235565092017477e-07,True,True,True,True
469,60m_decomp_panel_KR,[장중] 하락 총영향: Σβ = 0 | 미래 RSp h=5,0.2192487242447043,2.608897398020646,0.0090834473033195,2.608897398020646,54.0,0.36333789213278,0.0327004102919502,True,False,True,False
470,60m_decomp_panel_KR,[장중] 합계: Σβ⁻ − Σβ⁺ | 미래 RSp h=5,-0.0535318034437603,-0.44681972936171177,0.6550052250013217,0.44681972936171177,54.0,1.0,0.8421495750016994,False,False,False,False
471,60m_decomp_panel_KR,[밤사이] 상승 총영향: Σβ = 0 | 미래 RSp h=5,0.0486525124369601,1.6123213993510617,0.1068920190059022,1.6123213993510617,54.0,1.0,0.2509638707095095,False,False,False,False
472,60m_decomp_panel_KR,[밤사이] 하락 총영향: Σβ = 0 | 미래 RSp h=5,-0.0135766724950663,-0.5768161548835817,0.5640636552310243,0.5768161548835817,54.0,1.0,0.7453077466559874,False,False,False,False
473,60m_decomp_panel_KR,[밤사이] 합계: Σβ⁻ − Σβ⁺ | 미래 RSp h=5,-0.0622291849320264,-1.2609539864333272,0.2073254257605979,1.2609539864333272,54.0,1.0,0.39984189253829594,False,False,False,False
474,60m_decomp_panel_KR,[장중] 상승 총영향: Σβ = 0 | 미래 RSn h=5,0.2756970862684362,4.795576390383751,1.6220773935198654e-06,4.795576390383751,54.0,7.94817922824734e-05,1.459869654167879e-05,True,True,True,True
475,60m_decomp_panel_KR,[장중] 하락 총영향: Σβ = 0 | 미래 RSn h=5,0.2705340924431449,2.917166114571828,0.0035322759828546,2.917166114571828,54.0,0.1448233152970386,0.013624493076724887,True,False,True,False
476,60m_decomp_panel_KR,[장중] 합계: Σβ⁻ − Σβ⁺ | 미래 RSn h=5,-0.0051629938252913,-0.04223799979232454,0.9663089701235016,0.04223799979232454,54.0,1.0,0.9819805713405917,False,False,False,False
477,60m_decomp_panel_KR,[밤사이] 상승 총영향: Σβ = 0 | 미래 RSn h=5,0.0272709974203779,1.2372206915282415,0.2160051617747517,1.2372206915282415,54.0,1.0,0.4014414423591676,False,False,False,False
478,60m_decomp_panel_KR,[밤사이] 하락 총영향: Σβ = 0 | 미래 RSn h=5,0.0190539793863942,1.0051121813285637,0.3148428351547092,1.0051121813285637,54.0,1.0,0.5312972843235717,False,False,False,False
479,60m_decomp_panel_KR,[밤사이] 합계: Σβ⁻ − Σβ⁺ | 미래 RSn h=5,-0.0082170180339836,-0.24042183993774183,0.8100032488301936,0.24042183993774183,54.0,1.0,0.9112536549339678,False,False,False,False
480,60m_decomp_panel_KR,[장중] 상승 총영향: Σβ = 0 | 미래 RV h=5,0.5484776139569011,6.128079150761219,8.894633799963243e-10,6.128079150761219,54.0,4.6252095759808866e-08,1.601034083993384e-08,True,True,True,True
481,60m_decomp_panel_KR,[장중] 하락 총영향: Σβ = 0 | 미래 RV h=5,0.4897828166878491,2.9364210503273673,0.0033202332347133,2.9364210503273673,54.0,0.1394497958579586,0.013624493076724887,True,False,True,False
482,60m_decomp_panel_KR,[장중] 합계: Σβ⁻ − Σβ⁺ | 미래 RV h=5,-0.0586947972690519,-0.25598298521761403,0.7979639755322914,0.25598298521761403,54.0,1.0,0.9112536549339678,False,False,False,False
483,60m_decomp_panel_KR,[밤사이] 상승 총영향: Σβ = 0 | 미래 RV h=5,0.075923509857338,1.6150548363445134,0.1062988202315093,1.6150548363445134,54.0,1.0,0.2509638707095095,False,False,False,False
484,60m_decomp_panel_KR,[밤사이] 하락 총영향: Σβ = 0 | 미래 RV h=5,0.0054773068913279,0.14547187731734684,0.8843383181863623,0.14547187731734684,54.0,1.0,0.9550853836412714,False,False,False,False
485,60m_decomp_panel_KR,[밤사이] 합계: Σβ⁻ − Σβ⁺ | 미래 RV h=5,-0.07044620296601,-0.9229471853172816,0.3560347292131108,0.9229471853172816,54.0,1.0,0.5826022841669085,False,False,False,False
486,60m_decomp_panel_KR,[장중] 상승 총영향: Σβ = 0 | 미래 RSp h=22,0.1602973415668205,4.11831905098312,3.81646070322735e-05,4.11831905098312,54.0,0.0017555719234845812,0.00022898764219364103,True,True,True,True
487,60m_decomp_panel_KR,[장중] 하락 총영향: Σβ = 0 | 미래 RSp h=22,0.1563080068146652,1.9939613309134927,0.0461562805759476,1.9939613309134927,54.0,1.0,0.13846884172784282,True,False,False,False
488,60m_decomp_panel_KR,[장중] 합계: Σβ⁻ − Σβ⁺ | 미래 RSp h=22,-0.0039893347521553,-0.03608360166840909,0.9712156977859138,0.03608360166840909,54.0,1.0,0.9819805713405917,False,False,False,False
489,60m_decomp_panel_KR,[밤사이] 상승 총영향: Σβ = 0 | 미래 RSp h=22,0.0532929693191034,1.7561572511461427,0.0790615617581917,1.7561572511461427,54.0,1.0,0.22470128078643958,False,False,False,False
490,60m_decomp_panel_KR,[밤사이] 하락 총영향: Σβ = 0 | 미래 RSp h=22,-0.0136995276282538,-0.7353484108610187,0.4621273320420747,0.7353484108610187,54.0,1.0,0.6567072613229482,False,False,False,False
491,60m_decomp_panel_KR,[밤사이] 합계: Σβ⁻ − Σβ⁺ | 미래 RSp h=22,-0.0669924969473573,-1.420510289133014,0.1554591752830327,1.420510289133014,54.0,1.0,0.3228767486647603,False,False,False,False
492,60m_decomp_panel_KR,[장중] 상승 총영향: Σβ = 0 | 미래 RSn h=22,0.2009004647614974,4.211940995826783,2.53185686735638e-05,4.211940995826783,54.0,0.0011899727276574986,0.00017090033854655565,True,True,True,True
493,60m_decomp_panel_KR,[장중] 하락 총영향: Σβ = 0 | 미래 RSn h=22,0.2511127729177829,2.370051744170685,0.0177855959418388,2.370051744170685,54.0,0.6936382417317132,0.06002638630370595,True,False,False,False
494,60m_decomp_panel_KR,[장중] 합계: Σβ⁻ − Σβ⁺ | 미래 RSn h=22,0.0502123081562855,0.35588887129042984,0.721923790323874,0.35588887129042984,54.0,1.0,0.9066019692439348,False,False,False,False
495,60m_decomp_panel_KR,[밤사이] 상승 총영향: Σβ = 0 | 미래 RSn h=22,0.0361090083136457,1.4212146267792847,0.1552543737336333,1.4212146267792847,54.0,1.0,0.3228767486647603,False,False,False,False
496,60m_decomp_panel_KR,[밤사이] 하락 총영향: Σβ = 0 | 미래 RSn h=22,0.0046563021823207,0.32055974765218814,0.7485440456811977,0.32055974765218814,54.0,1.0,0.9112536549339678,False,False,False,False
497,60m_decomp_panel_KR,[밤사이] 합계: Σβ⁻ − Σβ⁺ | 미래 RSn h=22,-0.0314527061313249,-0.838753079741242,0.401607885362135,0.838753079741242,54.0,1.0,0.6024118280432025,False,False,False,False
498,60m_decomp_panel_KR,[장중] 상승 총영향: Σβ = 0 | 미래 RV h=22,0.3611978063283179,4.300932722817286,1.700806960081409e-05,4.300932722817286,54.0,0.0008163873408390763,0.00013120510834913727,True,True,True,True
499,60m_decomp_panel_KR,[장중] 하락 총영향: Σβ = 0 | 미래 RV h=22,0.4074207797324483,2.2351346361420115,0.0254085110895363,2.2351346361420115,54.0,0.9655234214023795,0.08070938816676236,True,False,False,False
500,60m_decomp_panel_KR,[장중] 합계: Σβ⁻ − Σβ⁺ | 미래 RV h=22,0.0462229734041304,0.18557557779078737,0.8527776069639224,0.18557557779078737,54.0,1.0,0.9397957301235063,False,False,False,False
501,60m_decomp_panel_KR,[밤사이] 상승 총영향: Σβ = 0 | 미래 RV h=22,0.0894019776327492,1.668571314870425,0.0952023676836843,1.668571314870425,54.0,1.0,0.2509638707095095,False,False,False,False
502,60m_decomp_panel_KR,[밤사이] 하락 총영향: Σβ = 0 | 미래 RV h=22,-0.009043225445933,-0.2820340398345338,0.7779174093099789,0.2820340398345338,54.0,1.0,0.9112536549339678,False,False,False,False
503,60m_decomp_panel_KR,[밤사이] 합계: Σβ⁻ − Σβ⁺ | 미래 RV h=22,-0.0984452030786823,-1.19301818213352,0.2328622523014056,1.19301818213352,54.0,1.0,0.4056310201379323,False,False,False,False
504,60m_decomp_panel_US,[장중] 상승 총영향: Σβ = 0 | 미래 RSp h=1,0.0248693983131186,0.18452643935647822,0.853600487663965,0.18452643935647822,54.0,1.0,0.9038122810559629,False,False,False,False
505,60m_decomp_panel_US,[장중] 하락 총영향: Σβ = 0 | 미래 RSp h=1,0.6558362719479522,2.077899938877148,0.0377185761666776,2.077899938877148,54.0,1.0,0.12730019456253688,True,False,False,False
506,60m_decomp_panel_US,[장중] 합계: Σβ⁻ − Σβ⁺ | 미래 RSp h=1,0.6309668736348337,1.4160960470466264,0.1567473853138672,1.4160960470466264,54.0,1.0,0.29728249735898166,False,False,False,False
507,60m_decomp_panel_US,[밤사이] 상승 총영향: Σβ = 0 | 미래 RSp h=1,0.0003978464702737,0.03920029317714508,0.9687306998960364,0.03920029317714508,54.0,1.0,0.9763728721837244,False,False,False,False
508,60m_decomp_panel_US,[밤사이] 하락 총영향: Σβ = 0 | 미래 RSp h=1,0.0444136891922199,3.1358452336139613,0.0017135960784124,3.1358452336139613,54.0,0.0873933999990324,0.023133547058567402,True,False,True,True
509,60m_decomp_panel_US,[밤사이] 합계: Σβ⁻ − Σβ⁺ | 미래 RSp h=1,0.0440158427219462,1.927975112599268,0.0538582218393078,1.927975112599268,54.0,1.0,0.1615746655179234,False,False,False,False
510,60m_decomp_panel_US,[장중] 상승 총영향: Σβ = 0 | 미래 RSn h=1,0.1945571120914041,3.408476258732514,0.0006532676943841,3.408476258732514,54.0,0.034623187802357305,0.016867301496571802,True,True,True,True
511,60m_decomp_panel_US,[장중] 하락 총영향: Σβ = 0 | 미래 RSn h=1,0.2865001069877284,4.026909155746231,5.651485478100028e-05,4.026909155746231,54.0,0.0030518021581740153,0.0030518021581740153,True,True,True,True
512,60m_decomp_panel_US,[장중] 합계: Σβ⁻ − Σβ⁺ | 미래 RSn h=1,0.0919429948963242,0.801376175755914,0.4229139031821531,0.801376175755914,54.0,1.0,0.6157949662356644,False,False,False,False
513,60m_decomp_panel_US,[밤사이] 상승 총영향: Σβ = 0 | 미래 RSn h=1,0.0071551709237566,0.8334957560426726,0.4045651903438397,0.8334957560426726,54.0,1.0,0.6068477855157596,False,False,False,False
514,60m_decomp_panel_US,[밤사이] 하락 총영향: Σβ = 0 | 미래 RSn h=1,0.0138589534595495,1.8338680773992597,0.0666735792103764,1.8338680773992597,54.0,1.0,0.18949333038738553,False,False,False,False
515,60m_decomp_panel_US,[밤사이] 합계: Σβ⁻ − Σβ⁺ | 미래 RSn h=1,0.0067037825357929,0.5387480604634155,0.5900607066931293,0.5387480604634155,54.0,1.0,0.7654199393180153,False,False,False,False
516,60m_decomp_panel_US,[장중] 상승 총영향: Σβ = 0 | 미래 RV h=1,0.2194265104045226,1.2033904019519315,0.2288252803315197,1.2033904019519315,54.0,1.0,0.37444136781521403,False,False,False,False
517,60m_decomp_panel_US,[장중] 하락 총영향: Σβ = 0 | 미래 RV h=1,0.9423363789356805,2.5089609824817223,0.012108685840106,2.5089609824817223,54.0,0.54489086280477,0.0653869035365724,True,False,False,False
518,60m_decomp_panel_US,[장중] 합계: Σβ⁻ − Σβ⁺ | 미래 RV h=1,0.7229098685311579,1.3268232946796001,0.184567142789168,1.3268232946796001,54.0,1.0,0.33222085702050236,False,False,False,False
519,60m_decomp_panel_US,[밤사이] 상승 총영향: Σβ = 0 | 미래 RV h=1,0.0075530173940304,0.47865483601287323,0.6321842007130711,0.47865483601287323,54.0,1.0,0.77586242814786,False,False,False,False
520,60m_decomp_panel_US,[밤사이] 하락 총영향: Σβ = 0 | 미래 RV h=1,0.0582726426517695,3.0331546040667634,0.0024201157708826,3.0331546040667634,54.0,0.12100578854413,0.02613725032553208,True,False,True,True
521,60m_decomp_panel_US,[밤사이] 합계: Σβ⁻ − Σβ⁺ | 미래 RV h=1,0.0507196252577391,1.545728731015035,0.1221700954079919,1.545728731015035,54.0,1.0,0.2643067584000879,False,False,False,False
522,60m_decomp_panel_US,[장중] 상승 총영향: Σβ = 0 | 미래 RSp h=5,0.0372886348004149,0.35283632010574406,0.7242111532153612,0.35283632010574406,54.0,1.0,0.8320723888006277,False,False,False,False
523,60m_decomp_panel_US,[장중] 하락 총영향: Σβ = 0 | 미래 RSp h=5,0.4268906048842721,2.5936917967854143,0.0094951562054569,2.5936917967854143,54.0,0.4462723416564743,0.0630043540679292,True,False,False,False
524,60m_decomp_panel_US,[장중] 합계: Σβ⁻ − Σβ⁺ | 미래 RSp h=5,0.3896019700838572,1.556961468064706,0.1194796340182815,1.556961468064706,54.0,1.0,0.2643067584000879,False,False,False,False
525,60m_decomp_panel_US,[밤사이] 상승 총영향: Σβ = 0 | 미래 RSp h=5,-0.0061808048655302,-0.3752328401956068,0.7074873085902943,0.3752328401956068,54.0,1.0,0.8305285796494759,False,False,False,False
526,60m_decomp_panel_US,[밤사이] 하락 총영향: Σβ = 0 | 미래 RSp h=5,0.0394879436918538,2.4323822992480886,0.0149998657767876,2.4323822992480886,54.0,0.6449942284018668,0.0674993959955442,True,False,False,False
527,60m_decomp_panel_US,[밤사이] 합계: Σβ⁻ − Σβ⁺ | 미래 RSp h=5,0.045668748557384,1.4568266888838377,0.1451642267560173,1.4568266888838377,54.0,1.0,0.2903284535120346,False,False,False,False
528,60m_decomp_panel_US,[장중] 상승 총영향: Σβ = 0 | 미래 RSn h=5,0.0847684213049945,1.0579038164392953,0.2900992950898113,1.0579038164392953,54.0,1.0,0.46074593926028856,False,False,False,False
529,60m_decomp_panel_US,[장중] 하락 총영향: Σβ = 0 | 미래 RSn h=5,0.2968632530880576,3.3087686618115577,0.0009370723053651,3.3087686618115577,54.0,0.0487277598789852,0.016867301496571802,True,True,True,True
530,60m_decomp_panel_US,[장중] 합계: Σβ⁻ − Σβ⁺ | 미래 RSn h=5,0.2120948317830631,1.406243902802729,0.1596517115446383,1.406243902802729,54.0,1.0,0.29728249735898166,False,False,False,False
531,60m_decomp_panel_US,[밤사이] 상승 총영향: Σβ = 0 | 미래 RSn h=5,0.0053445691830328,0.5047280486592277,0.613749857854496,0.5047280486592277,54.0,1.0,0.7707556354451811,False,False,False,False
532,60m_decomp_panel_US,[밤사이] 하락 총영향: Σβ = 0 | 미래 RSn h=5,0.014182381254003,2.023306131662962,0.0430415951141458,2.023306131662962,54.0,1.0,0.13672036095081608,True,False,False,False
533,60m_decomp_panel_US,[밤사이] 합계: Σβ⁻ − Σβ⁺ | 미래 RSn h=5,0.0088378120709702,0.6732903893526132,0.5007625657734329,0.6732903893526132,54.0,1.0,0.6827603395030087,False,False,False,False
534,60m_decomp_panel_US,[장중] 상승 총영향: Σβ = 0 | 미래 RV h=5,0.1220570561054096,0.6654723864205974,0.5057483996318584,0.6654723864205974,54.0,1.0,0.6827603395030087,False,False,False,False
535,60m_decomp_panel_US,[장중] 하락 총영향: Σβ = 0 | 미래 RV h=5,0.7237538579723295,2.898582888065203,0.0037485321184569,2.898582888065203,54.0,0.18367807380438808,0.0337367890661121,True,False,True,False
536,60m_decomp_panel_US,[장중] 합계: Σβ⁻ − Σβ⁺ | 미래 RV h=5,0.6016968018669198,1.5250011548972546,0.1272588096000423,1.5250011548972546,54.0,1.0,0.2643067584000879,False,False,False,False
537,60m_decomp_panel_US,[밤사이] 상승 총영향: Σβ = 0 | 미래 RV h=5,-0.0008362356824973,-0.033125555690615704,0.9735744634357564,0.033125555690615704,54.0,1.0,0.9763728721837244,False,False,False,False
538,60m_decomp_panel_US,[밤사이] 하락 총영향: Σβ = 0 | 미래 RV h=5,0.0536703249458568,2.4701084499356485,0.0135072096137494,2.4701084499356485,54.0,0.5943172230049736,0.0663081199220425,True,False,False,False
539,60m_decomp_panel_US,[밤사이] 합계: Σβ⁻ − Σβ⁺ | 미래 RV h=5,0.0545065606283542,1.2560598883797114,0.2090942576417616,1.2560598883797114,54.0,1.0,0.36422870685984277,False,False,False,False
540,60m_decomp_panel_US,[장중] 상승 총영향: Σβ = 0 | 미래 RSp h=22,-0.0796825868991308,-0.5311329974623336,0.5953266194695674,0.5311329974623336,54.0,1.0,0.7654199393180153,False,False,False,False
541,60m_decomp_panel_US,[장중] 하락 총영향: Σβ = 0 | 미래 RSp h=22,0.4365032939406053,2.0876669255448808,0.0368278903267847,2.0876669255448808,54.0,1.0,0.12730019456253688,True,False,False,False
542,60m_decomp_panel_US,[장중] 합계: Σβ⁻ − Σβ⁺ | 미래 RSp h=22,0.516185880839736,1.535633972351363,0.1246281772611109,1.535633972351363,54.0,1.0,0.2643067584000879,False,False,False,False
543,60m_decomp_panel_US,[밤사이] 상승 총영향: Σβ = 0 | 미래 RSp h=22,-0.0050440026351332,-0.2824498315009163,0.7775986097016112,0.2824498315009163,54.0,1.0,0.8569454066099388,False,False,False,False
544,60m_decomp_panel_US,[밤사이] 하락 총영향: Σβ = 0 | 미래 RSp h=22,0.0215041459725607,2.5588890245375646,0.0105007256779882,2.5588890245375646,54.0,0.48303338118745714,0.0630043540679292,True,False,False,False
545,60m_decomp_panel_US,[밤사이] 합계: Σβ⁻ − Σβ⁺ | 미래 RSp h=22,0.026548148607694,1.223133255566776,0.2212793698095014,1.223133255566776,54.0,1.0,0.3734089365535336,False,False,False,False
546,60m_decomp_panel_US,[장중] 상승 총영향: Σβ = 0 | 미래 RSn h=22,-0.0308521563283011,-0.2825441585722467,0.7775262915905901,0.2825441585722467,54.0,1.0,0.8569454066099388,False,False,False,False
547,60m_decomp_panel_US,[장중] 하락 총영향: Σβ = 0 | 미래 RSn h=22,0.3021292100602615,2.611295333657111,0.0090199960456608,2.611295333657111,54.0,0.4329598101917184,0.0630043540679292,True,False,False,False
548,60m_decomp_panel_US,[장중] 합계: Σβ⁻ − Σβ⁺ | 미래 RSn h=22,0.3329813663885627,1.6332479654469185,0.1024168556945797,1.6332479654469185,54.0,1.0,0.26335762892891923,False,False,False,False
549,60m_decomp_panel_US,[밤사이] 상승 총영향: Σβ = 0 | 미래 RSn h=22,0.0113591093535606,0.8773291859972024,0.3803078640235439,0.8773291859972024,54.0,1.0,0.5867607044934677,False,False,False,False
550,60m_decomp_panel_US,[밤사이] 하락 총영향: Σβ = 0 | 미래 RSn h=22,0.0109926439121025,1.7835725358290186,0.0744931516541472,1.7835725358290186,54.0,1.0,0.20113150946619746,False,False,False,False
551,60m_decomp_panel_US,[밤사이] 합계: Σβ⁻ − Σβ⁺ | 미래 RSn h=22,-0.0003664654414581,-0.029616542386975853,0.9763728721837244,0.029616542386975853,54.0,1.0,0.9763728721837244,False,False,False,False
552,60m_decomp_panel_US,[장중] 상승 총영향: Σβ = 0 | 미래 RV h=22,-0.1105347432274319,-0.42763434782958937,0.668917354863023,0.42763434782958937,54.0,1.0,0.8027008258356275,False,False,False,False
553,60m_decomp_panel_US,[장중] 하락 총영향: Σβ = 0 | 미래 RV h=22,0.7386325040008667,2.2879850596223985,0.0221383911914538,2.2879850596223985,54.0,0.9076740388496058,0.08539093745275038,True,False,False,False
554,60m_decomp_panel_US,[장중] 합계: Σβ⁻ − Σβ⁺ | 미래 RV h=22,0.8491672472282986,1.579586490529812,0.1142015950532375,1.579586490529812,54.0,1.0,0.2643067584000879,False,False,False,False
555,60m_decomp_panel_US,[밤사이] 상승 총영향: Σβ = 0 | 미래 RV h=22,0.0063151067184273,0.21337774245221244,0.8310323396997648,0.21337774245221244,54.0,1.0,0.897514926875746,False,False,False,False
556,60m_decomp_panel_US,[밤사이] 하락 총영향: Σβ = 0 | 미래 RV h=22,0.0324967898846633,2.3524793316371806,0.0186487261234077,2.3524793316371806,54.0,0.7832464971831234,0.07746393928184737,True,False,False,False
557,60m_decomp_panel_US,[밤사이] 합계: Σβ⁻ − Σβ⁺ | 미래 RV h=22,0.0261816831662359,0.7834937908779431,0.4333371984621342,0.7834937908779431,54.0,1.0,0.6157949662356644,False,False,False,False
558,60m_etf_KR,상승 총영향: Σβ = 0 | 미래 RSp h=1,-0.0486288470031326,-0.07925981721426685,0.9368259669283696,0.07925981721426685,27.0,1.0,0.9630699352479548,False,False,False,False
559,60m_etf_KR,하락 총영향: Σβ = 0 | 미래 RSp h=1,0.7390192258338353,1.4078238409694224,0.1591832389606846,1.4078238409694224,27.0,1.0,0.25282043834932255,False,False,False,False
560,60m_etf_KR,합계: Σβ⁻ − Σβ⁺ | 미래 RSp h=1,0.787648072836968,0.692608539167853,0.4885552500197762,0.692608539167853,27.0,1.0,0.6595495875266979,False,False,False,False
561,60m_etf_KR,상승 총영향: Σβ = 0 | 미래 RSn h=1,3.1363718814740875,3.1519285063675113,0.0016219598113518,3.1519285063675113,27.0,0.0437929149064986,0.026653603531173752,True,True,True,True
562,60m_etf_KR,하락 총영향: Σβ = 0 | 미래 RSn h=1,-1.5469453870303735,-2.058371291963952,0.0395545053483136,2.058371291963952,27.0,0.7119810962696448,0.1067971644404467,True,False,False,False
563,60m_etf_KR,합계: Σβ⁻ − Σβ⁺ | 미래 RSn h=1,-4.683317268504461,-2.688298328620325,0.0071817202227671,2.688298328620325,27.0,0.1508161246781091,0.027700920859244527,True,False,True,False
564,60m_etf_KR,상승 총영향: Σβ = 0 | 미래 RV h=1,3.087743034470955,2.7902978090534103,0.005265957951711,2.7902978090534103,27.0,0.1271254368327825,0.026653603531173752,True,False,True,False
565,60m_etf_KR,하락 총영향: Σβ = 0 | 미래 RV h=1,-0.8079261611965376,-0.9328558612917816,0.3508943945101118,0.9328558612917816,27.0,1.0,0.5263415917651676,False,False,False,False
566,60m_etf_KR,합계: Σβ⁻ − Σβ⁺ | 미래 RV h=1,-3.8956691956674927,-1.9827016786918192,0.0474007619777375,1.9827016786918192,27.0,0.8058129536215375,0.1163473248544466,True,False,False,False
567,60m_etf_KR,상승 총영향: Σβ = 0 | 미래 RSp h=5,0.3980461639543168,0.5021078387784137,0.6155916664892433,0.5021078387784137,27.0,1.0,0.7054894393574541,False,False,False,False
568,60m_etf_KR,하락 총영향: Σβ = 0 | 미래 RSp h=5,0.3300106149508333,0.48581022520749223,0.6271017238732925,0.48581022520749223,27.0,1.0,0.7054894393574541,False,False,False,False
569,60m_etf_KR,합계: Σβ⁻ − Σβ⁺ | 미래 RSp h=5,-0.0680355490034835,-0.046301510687463784,0.9630699352479548,0.046301510687463784,27.0,1.0,0.9630699352479548,False,False,False,False
570,60m_etf_KR,상승 총영향: Σβ = 0 | 미래 RSn h=5,2.6924297338972845,3.081083914800275,0.0020624851364187,3.081083914800275,27.0,0.0536246135468862,0.026653603531173752,True,False,True,True
571,60m_etf_KR,하락 총영향: Σβ = 0 | 미래 RSn h=5,-1.2402164794024977,-1.8258071719088416,0.0678793126348624,1.8258071719088416,27.0,1.0,0.1527284534284404,False,False,False,False
572,60m_etf_KR,합계: Σβ⁻ − Σβ⁺ | 미래 RSn h=5,-3.9326462132997824,-2.5468319457377073,0.010870576949345,2.5468319457377073,27.0,0.2174115389869,0.036688197204039374,True,False,True,False
573,60m_etf_KR,상승 총영향: Σβ = 0 | 미래 RV h=5,3.0904758978516003,2.1298704407230553,0.0331823111354263,2.1298704407230553,27.0,0.6304639115730997,0.0995469334062789,True,False,False,False
574,60m_etf_KR,하락 총영향: Σβ = 0 | 미래 RV h=5,-0.9102058644516644,-0.7614222268939753,0.4464049156982138,0.7614222268939753,27.0,1.0,0.6343648802027249,False,False,False,False
575,60m_etf_KR,합계: Σβ⁻ − Σβ⁺ | 미래 RV h=5,-4.000681762303264,-1.519119024401657,0.12873253887906,1.519119024401657,27.0,1.0,0.21723615935841376,False,False,False,False
576,60m_etf_KR,상승 총영향: Σβ = 0 | 미래 RSp h=22,0.908790822237752,2.752012665623751,0.0059230230069275,2.752012665623751,27.0,0.130306506152405,0.026653603531173752,True,False,True,False
577,60m_etf_KR,하락 총영향: Σβ = 0 | 미래 RSp h=22,-0.1306332963998531,-0.40013697077575516,0.6890556350496524,0.40013697077575516,27.0,1.0,0.7441800858536246,False,False,False,False
578,60m_etf_KR,합계: Σβ⁻ − Σβ⁺ | 미래 RSp h=22,-1.0394241186376052,-1.628001209440727,0.1035246293215179,1.628001209440727,27.0,1.0,0.18634433277873222,False,False,False,False
579,60m_etf_KR,상승 총영향: Σβ = 0 | 미래 RSn h=22,1.322226927490135,2.7742018511445847,0.0055337331490898,2.7742018511445847,27.0,0.1272758624290654,0.026653603531173752,True,False,True,False
580,60m_etf_KR,하락 총영향: Σβ = 0 | 미래 RSn h=22,-0.263660811090845,-0.5447901434248885,0.58589785848062,0.5447901434248885,27.0,1.0,0.7054894393574541,False,False,False,False
581,60m_etf_KR,합계: Σβ⁻ − Σβ⁺ | 미래 RSn h=22,-1.58588773858098,-1.6864121555104417,0.0917164417830096,1.6864121555104417,27.0,1.0,0.17845753329931696,False,False,False,False
582,60m_etf_KR,상승 총영향: Σβ = 0 | 미래 RV h=22,2.231017749727887,2.8015981222636226,0.0050850174733113,2.8015981222636226,27.0,0.1271254368327825,0.026653603531173752,True,False,True,False
583,60m_etf_KR,하락 총영향: Σβ = 0 | 미래 RV h=22,-0.3942941074906982,-0.49113233347942015,0.6233328540686429,0.49113233347942015,27.0,1.0,0.7054894393574541,False,False,False,False
584,60m_etf_KR,합계: Σβ⁻ − Σβ⁺ | 미래 RV h=22,-2.625311857218585,-1.6821820909755822,0.092533535784831,1.6821820909755822,27.0,1.0,0.17845753329931696,False,False,False,False
585,60m_etf_US,상승 총영향: Σβ = 0 | 미래 RSp h=1,-0.7194296580647935,-1.049240280187606,0.2940675441049509,1.049240280187606,27.0,1.0,0.3969911845416837,False,False,False,False
586,60m_etf_US,하락 총영향: Σβ = 0 | 미래 RSp h=1,2.519336931977427,1.7956248613022618,0.0725541992014816,1.7956248613022618,27.0,1.0,0.3672189222837565,False,False,False,False
587,60m_etf_US,합계: Σβ⁻ − Σβ⁺ | 미래 RSp h=1,3.2387665900422205,1.5524949224328097,0.1205438467060048,1.5524949224328097,27.0,1.0,0.3672189222837565,False,False,False,False
588,60m_etf_US,상승 총영향: Σβ = 0 | 미래 RSn h=1,0.2677020477069428,2.6391397155457774,0.008311671819912,2.6391397155457774,27.0,0.224415139137624,0.224415139137624,True,False,False,False
589,60m_etf_US,하락 총영향: Σβ = 0 | 미래 RSn h=1,0.1877327718049078,1.0573052281061945,0.2903723080019502,1.0573052281061945,27.0,1.0,0.3969911845416837,False,False,False,False
590,60m_etf_US,합계: Σβ⁻ − Σβ⁺ | 미래 RSn h=1,-0.0799692759020349,-0.29083856300245065,0.7711747905414719,0.29083856300245065,27.0,1.0,0.7711747905414719,False,False,False,False
591,60m_etf_US,상승 총영향: Σβ = 0 | 미래 RV h=1,-0.4517276103578511,-0.6042738028266701,0.5456616204217857,0.6042738028266701,27.0,1.0,0.6138693229745089,False,False,False,False
592,60m_etf_US,하락 총영향: Σβ = 0 | 미래 RV h=1,2.707069703782334,1.7928525657520844,0.0729965017080354,1.7928525657520844,27.0,1.0,0.3672189222837565,False,False,False,False
593,60m_etf_US,합계: Σβ⁻ − Σβ⁺ | 미래 RV h=1,3.158797314140185,1.4014462622812005,0.1610806664040923,1.4014462622812005,27.0,1.0,0.3672189222837565,False,False,False,False
594,60m_etf_US,상승 총영향: Σβ = 0 | 미래 RSp h=5,-0.2610878090773422,-0.9381221299221308,0.3481816503042845,0.9381221299221308,27.0,1.0,0.44766212181979437,False,False,False,False
595,60m_etf_US,하락 총영향: Σβ = 0 | 미래 RSp h=5,1.1624117224267856,2.0559277918319836,0.03978947681848,2.0559277918319836,27.0,1.0,0.3672189222837565,True,False,False,False
596,60m_etf_US,합계: Σβ⁻ − Σβ⁺ | 미래 RSp h=5,1.423499531504128,1.7010724466615768,0.0889293840945102,1.7010724466615768,27.0,1.0,0.3672189222837565,False,False,False,False
597,60m_etf_US,상승 총영향: Σβ = 0 | 미래 RSn h=5,0.0694379338884254,0.529425523957802,0.5965102960113751,0.529425523957802,27.0,1.0,0.644231119692285,False,False,False,False
598,60m_etf_US,하락 총영향: Σβ = 0 | 미래 RSn h=5,0.3376839151072064,1.2849795566551656,0.1987994279861483,1.2849795566551656,27.0,1.0,0.37130444722478617,False,False,False,False
599,60m_etf_US,합계: Σβ⁻ − Σβ⁺ | 미래 RSn h=5,0.268245981218781,0.6880560531948163,0.4914174836431747,0.6880560531948163,27.0,1.0,0.5768813938419877,False,False,False,False
600,60m_etf_US,상승 총영향: Σβ = 0 | 미래 RV h=5,-0.1916498751889164,-0.483110863549372,0.6290170209223717,0.483110863549372,27.0,1.0,0.6532099832655398,False,False,False,False
601,60m_etf_US,하락 총영향: Σβ = 0 | 미래 RV h=5,1.500095637533992,1.8621327664704859,0.0625843784243634,1.8621327664704859,27.0,1.0,0.3672189222837565,False,False,False,False
602,60m_etf_US,합계: Σβ⁻ − Σβ⁺ | 미래 RV h=5,1.6917455127229084,1.4199855795084049,0.155611879308704,1.4199855795084049,27.0,1.0,0.3672189222837565,False,False,False,False
603,60m_etf_US,상승 총영향: Σβ = 0 | 미래 RSp h=22,-0.7827063867043929,-1.25735577241837,0.2086248367456993,1.25735577241837,27.0,1.0,0.37130444722478617,False,False,False,False
604,60m_etf_US,하락 총영향: Σβ = 0 | 미래 RSp h=22,1.755803466040198,1.481475925901493,0.1384797954450712,1.481475925901493,27.0,1.0,0.3672189222837565,False,False,False,False
605,60m_etf_US,합계: Σβ⁻ − Σβ⁺ | 미래 RSp h=22,2.538509852744591,1.4054912143831653,0.1598752600084751,1.4054912143831653,27.0,1.0,0.3672189222837565,False,False,False,False
606,60m_etf_US,상승 총영향: Σβ = 0 | 미래 RSn h=22,-0.3036047655884058,-0.9025087758578265,0.3667866617117876,0.9025087758578265,27.0,1.0,0.45014726664628474,False,False,False,False
607,60m_etf_US,하락 총영향: Σβ = 0 | 미래 RSn h=22,0.7858250383464432,1.2264423295525446,0.2200322650220955,1.2264423295525446,27.0,1.0,0.37130444722478617,False,False,False,False
608,60m_etf_US,합계: Σβ⁻ − Σβ⁺ | 미래 RSn h=22,1.0894298039348491,1.1158256589853874,0.2644967682326318,1.1158256589853874,27.0,1.0,0.3967451523489477,False,False,False,False
609,60m_etf_US,상승 총영향: Σβ = 0 | 미래 RV h=22,-1.0863111522927995,-1.1348678495260052,0.2564306924991681,1.1348678495260052,27.0,1.0,0.3967451523489477,False,False,False,False
610,60m_etf_US,하락 총영향: Σβ = 0 | 미래 RV h=22,2.5416285043866407,1.394361692486849,0.1632084099038918,1.394361692486849,27.0,1.0,0.3672189222837565,False,False,False,False
611,60m_etf_US,합계: Σβ⁻ − Σβ⁺ | 미래 RV h=22,3.62793965667944,1.3060885466020877,0.1915224474370312,1.3060885466020877,27.0,1.0,0.37130444722478617,False,False,False,False
612,60m_index_KR,상승 총영향: Σβ = 0 | 미래 RSp h=1,0.1885663465477786,0.28093620078375314,0.778759334103988,0.28093620078375314,27.0,1.0,0.9171996361532071,False,False,False,False
613,60m_index_KR,하락 총영향: Σβ = 0 | 미래 RSp h=1,0.5286247873833751,0.9521836795722509,0.341003836454543,0.9521836795722509,27.0,1.0,0.5115057546818146,False,False,False,False
614,60m_index_KR,합계: Σβ⁻ − Σβ⁺ | 미래 RSp h=1,0.3400584408355964,0.2776015937537171,0.7813182085749542,0.2776015937537171,27.0,1.0,0.9171996361532071,False,False,False,False
615,60m_index_KR,상승 총영향: Σβ = 0 | 미래 RSn h=1,3.184527501848595,3.704838562977739,0.0002115254078482,3.704838562977739,27.0,0.0054996606040532,0.0028555930059507,True,True,True,True
616,60m_index_KR,하락 총영향: Σβ = 0 | 미래 RSn h=1,-1.501927102699706,-2.3115739633139656,0.0208011728390208,2.3115739633139656,27.0,0.3952222839413952,0.0624035185170624,True,False,False,False
617,60m_index_KR,합계: Σβ⁻ − Σβ⁺ | 미래 RSn h=1,-4.686454604548301,-3.1167413523896044,0.0018286192938538,3.1167413523896044,27.0,0.045715482346345,0.0127240439521779,True,True,True,True
618,60m_index_KR,상승 총영향: Σβ = 0 | 미래 RV h=1,3.3730938483963726,2.9644546845123565,0.003032198980031,2.9644546845123565,27.0,0.069740576540713,0.0163738744921674,True,False,True,False
619,60m_index_KR,하락 총영향: Σβ = 0 | 미래 RV h=1,-0.9733023153163312,-1.0930418865953122,0.2743754093790642,1.0930418865953122,27.0,1.0,0.4630085033271708,False,False,False,False
620,60m_index_KR,합계: Σβ⁻ − Σβ⁺ | 미래 RV h=1,-4.346396163712704,-2.1513169426970338,0.0314511918715179,2.1513169426970338,27.0,0.5346702618158043,0.07719838004827122,True,False,False,False
621,60m_index_KR,상승 총영향: Σβ = 0 | 미래 RSp h=5,0.3509054736762629,0.4553190559226099,0.6488797188891883,0.4553190559226099,27.0,1.0,0.8342739242860993,False,False,False,False
622,60m_index_KR,하락 총영향: Σβ = 0 | 미래 RSp h=5,0.347191810326743,0.5269257909442412,0.598245122893492,0.5269257909442412,27.0,1.0,0.8076309159062142,False,False,False,False
623,60m_index_KR,합계: Σβ⁻ − Σβ⁺ | 미래 RSp h=5,-0.0037136633495198,-0.0026010836907561633,0.9979246378219808,0.0026010836907561633,27.0,1.0,0.9979246378219808,False,False,False,False
624,60m_index_KR,상승 총영향: Σβ = 0 | 미래 RSn h=5,2.7598035819858864,3.882722925433085,0.0001032932451794,3.882722925433085,27.0,0.0027889176198438,0.0027889176198438,True,True,True,True
625,60m_index_KR,하락 총영향: Σβ = 0 | 미래 RSn h=5,-1.2228414197240007,-2.1112360662678693,0.0347520262568161,2.1112360662678693,27.0,0.5560324201090576,0.07819205907783623,True,False,False,False
626,60m_index_KR,합계: Σβ⁻ − Σβ⁺ | 미래 RSn h=5,-3.982645001709887,-3.107770554522159,0.0018850435484708,3.107770554522159,27.0,0.045715482346345,0.0127240439521779,True,True,True,True
627,60m_index_KR,상승 총영향: Σβ = 0 | 미래 RV h=5,3.1107090556621486,2.4433521246641945,0.0145515316382383,2.4433521246641945,27.0,0.291030632764766,0.04911141927905426,True,False,True,False
628,60m_index_KR,하락 총영향: Σβ = 0 | 미래 RV h=5,-0.8756496093972579,-0.805692362443168,0.4204202543989161,0.805692362443168,27.0,1.0,0.5974393088826703,False,False,False,False
629,60m_index_KR,합계: Σβ⁻ − Σβ⁺ | 미래 RV h=5,-3.986358665059407,-1.6963536514695179,0.0898189256068964,1.6963536514695179,27.0,1.0,0.18654699933740024,False,False,False,False
630,60m_index_KR,상승 총영향: Σβ = 0 | 미래 RSp h=22,0.6484136483120552,2.194507593241672,0.0281989386682659,2.194507593241672,27.0,0.5075808960287862,0.07613713440431794,True,False,False,False
631,60m_index_KR,하락 총영향: Σβ = 0 | 미래 RSp h=22,0.0548875402741329,0.18339044959556428,0.8544916689111268,0.18339044959556428,27.0,1.0,0.9613031275250177,False,False,False,False
632,60m_index_KR,합계: Σβ⁻ − Σβ⁺ | 미래 RSp h=22,-0.5935261080379222,-1.0294567269756452,0.3032651042431596,1.0294567269756452,27.0,1.0,0.4816563420332535,False,False,False,False
633,60m_index_KR,상승 총영향: Σβ = 0 | 미래 RSn h=22,1.0505264873788158,2.5369104619784077,0.0111835553557192,2.5369104619784077,27.0,0.24603821782582241,0.04911141927905426,True,False,True,False
634,60m_index_KR,하락 총영향: Σβ = 0 | 미래 RSn h=22,-0.0376127189355463,-0.08404133343657412,0.9330235686620056,0.08404133343657412,27.0,1.0,0.9979246378219808,False,False,False,False
635,60m_index_KR,합계: Σβ⁻ − Σβ⁺ | 미래 RSn h=22,-1.0881392063143625,-1.2893883130931618,0.1972631223434482,1.2893883130931618,27.0,1.0,0.3804360216623644,False,False,False,False
636,60m_index_KR,상승 총영향: Σβ = 0 | 미래 RV h=22,1.6989401356908715,2.4853622985544783,0.0129419645960826,2.4853622985544783,27.0,0.2717812565177346,0.04911141927905426,True,False,True,False
637,60m_index_KR,하락 총영향: Σβ = 0 | 미래 RV h=22,0.0172748213385862,0.023625470512470992,0.9811513552882688,0.023625470512470992,27.0,1.0,0.9979246378219808,False,False,False,False
638,60m_index_KR,합계: Σβ⁻ − Σβ⁺ | 미래 RV h=22,-1.6816653143522853,-1.2197729252555458,0.2225509677479548,1.2197729252555458,27.0,1.0,0.40059174194631864,False,False,False,False
639,60m_index_US,상승 총영향: Σβ = 0 | 미래 RSp h=1,-0.7020816054681174,-1.0431105346730636,0.2968971021681515,1.0431105346730636,27.0,1.0,0.40081108792700454,False,False,False,False
640,60m_index_US,하락 총영향: Σβ = 0 | 미래 RSp h=1,2.5017488532267675,1.7901338928186297,0.0734323893379693,1.7901338928186297,27.0,1.0,0.35100040319153375,False,False,False,False
641,60m_index_US,합계: Σβ⁻ − Σβ⁺ | 미래 RSp h=1,3.2038304586948847,1.5491704017711099,0.1213407625659856,1.5491704017711099,27.0,1.0,0.35100040319153375,False,False,False,False
642,60m_index_US,상승 총영향: Σβ = 0 | 미래 RSn h=1,0.262773834224576,2.6906966342602607,0.0071303001008123,2.6906966342602607,27.0,0.19251810272193212,0.19251810272193212,True,False,False,False
643,60m_index_US,하락 총영향: Σβ = 0 | 미래 RSn h=1,0.1933794866229276,1.1260416879197002,0.2601478742166672,1.1260416879197002,27.0,1.0,0.3696838212552639,False,False,False,False
644,60m_index_US,합계: Σβ⁻ − Σβ⁺ | 미래 RSn h=1,-0.0693943476016484,-0.26150018933917785,0.793706803525285,0.26150018933917785,27.0,1.0,0.793706803525285,False,False,False,False
645,60m_index_US,상승 총영향: Σβ = 0 | 미래 RV h=1,-0.4393077712435407,-0.6015911255987203,0.5474463375656258,0.6015911255987203,27.0,1.0,0.615877129761329,False,False,False,False
646,60m_index_US,하락 총영향: Σβ = 0 | 미래 RV h=1,2.6951283398496946,1.8020865741952008,0.071531785682947,1.8020865741952008,27.0,1.0,0.35100040319153375,False,False,False,False
647,60m_index_US,합계: Σβ⁻ − Σβ⁺ | 미래 RV h=1,3.134436111093235,1.4104707735086226,0.1584007204448819,1.4104707735086226,27.0,1.0,0.35100040319153375,False,False,False,False
648,60m_index_US,상승 총영향: Σβ = 0 | 미래 RSp h=5,-0.2521567761902316,-0.933392595058375,0.3506173022760783,0.933392595058375,27.0,1.0,0.4343199804544509,False,False,False,False
649,60m_index_US,하락 총영향: Σβ = 0 | 미래 RSp h=5,1.1558507797746207,2.0720902463064976,0.0382570257746312,2.0720902463064976,27.0,0.9946826701404112,0.35100040319153375,True,False,False,False
650,60m_index_US,합계: Σβ⁻ − Σβ⁺ | 미래 RSp h=5,1.4080075559648522,1.7153822186815282,0.0862751732844717,1.7153822186815282,27.0,1.0,0.35100040319153375,False,False,False,False
651,60m_index_US,상승 총영향: Σβ = 0 | 미래 RSn h=5,0.0675458027941318,0.5308182265378978,0.595544748385256,0.5308182265378978,27.0,1.0,0.6431883282560764,False,False,False,False
652,60m_index_US,하락 총영향: Σβ = 0 | 미래 RSn h=5,0.3419746698766031,1.3260757727636323,0.1848146001050713,1.3260757727636323,27.0,1.0,0.35100040319153375,False,False,False,False
653,60m_index_US,합계: Σβ⁻ − Σβ⁺ | 미래 RSn h=5,0.2744288670824713,0.7203070602757207,0.4713359586728599,0.7203070602757207,27.0,1.0,0.5533074297464007,False,False,False,False
654,60m_index_US,상승 총영향: Σβ = 0 | 미래 RV h=5,-0.1846109733960995,-0.47969483894673043,0.6314443982836022,0.47969483894673043,27.0,1.0,0.6557307212945099,False,False,False,False
655,60m_index_US,하락 총영향: Σβ = 0 | 미래 RV h=5,1.497825449651223,1.8886462857068604,0.0589392405338241,1.8886462857068604,27.0,1.0,0.35100040319153375,False,False,False,False
656,60m_index_US,합계: Σβ⁻ − Σβ⁺ | 미래 RV h=5,1.6824364230473228,1.4420990986496205,0.1492744193125464,1.4420990986496205,27.0,1.0,0.35100040319153375,False,False,False,False
657,60m_index_US,상승 총영향: Σβ = 0 | 미래 RSp h=22,-0.7900447598351127,-1.2791113729141317,0.2008578392541767,1.2791113729141317,27.0,1.0,0.35100040319153375,False,False,False,False
658,60m_index_US,하락 총영향: Σβ = 0 | 미래 RSp h=22,1.7872388230732474,1.5038524830717428,0.1326193541373968,1.5038524830717428,27.0,1.0,0.35100040319153375,False,False,False,False
659,60m_index_US,합계: Σβ⁻ − Σβ⁺ | 미래 RSp h=22,2.57728358290836,1.4282102335714517,0.1532313559602732,1.4282102335714517,27.0,1.0,0.35100040319153375,False,False,False,False
660,60m_index_US,상승 총영향: Σβ = 0 | 미래 RSn h=22,-0.3059231184299602,-0.9270696853540795,0.3538903544443674,0.9270696853540795,27.0,1.0,0.4343199804544509,False,False,False,False
661,60m_index_US,하락 총영향: Σβ = 0 | 미래 RSn h=22,0.7998247174283698,1.2590833188670292,0.2080002389283163,1.2590833188670292,27.0,1.0,0.35100040319153375,False,False,False,False
662,60m_index_US,합계: Σβ⁻ − Σβ⁺ | 미래 RSn h=22,1.10574783585833,1.146506732144641,0.2515855432860729,1.146506732144641,27.0,1.0,0.3696838212552639,False,False,False,False
663,60m_index_US,상승 총영향: Σβ = 0 | 미래 RV h=22,-1.0959678782650732,-1.1586162673973888,0.2466126350449717,1.1586162673973888,27.0,1.0,0.3696838212552639,False,False,False,False
664,60m_index_US,하락 총영향: Σβ = 0 | 미래 RV h=22,2.5870635405016165,1.421077101921449,0.155294345987069,1.421077101921449,27.0,1.0,0.35100040319153375,False,False,False,False
665,60m_index_US,합계: Σβ⁻ − Σβ⁺ | 미래 RV h=22,3.6830314187666895,1.3324316404547714,0.182718390713455,1.3324316404547714,27.0,1.0,0.35100040319153375,False,False,False,False
666,60m_panel_KR,상승 총영향: Σβ = 0 | 미래 RSp h=1,0.3767042250860333,7.154350720693883,8.406987566630552e-13,7.154350720693883,27.0,2.1858167673239436e-11,1.1349433214951245e-11,True,True,True,True
667,60m_panel_KR,하락 총영향: Σβ = 0 | 미래 RSp h=1,0.2871884920599246,3.756939386895111,0.0001720041367579,3.756939386895111,27.0,0.0027520661881264,0.00038700930770527495,True,True,True,True
668,60m_panel_KR,합계: Σβ⁻ − Σβ⁺ | 미래 RSp h=1,-0.0895157330261086,-0.8141184938987173,0.4155770721561179,0.8141184938987173,27.0,1.0,0.5905568920113254,False,False,False,False
669,60m_panel_KR,상승 총영향: Σβ = 0 | 미래 RSn h=1,0.3615801577487995,5.527369418411245,3.250680092077513e-08,5.527369418411245,27.0,7.151496202570528e-07,1.4628060414348807e-07,True,True,True,True
670,60m_panel_KR,하락 총영향: Σβ = 0 | 미래 RSn h=1,0.3238530921154304,4.07130378010289,4.675073388970316e-05,4.07130378010289,27.0,0.0007947624761249537,0.00011475180136563501,True,True,True,True
671,60m_panel_KR,합계: Σβ⁻ − Σβ⁺ | 미래 RSn h=1,-0.0377270656333691,-0.29323119599465053,0.7693454406125007,0.29323119599465053,27.0,1.0,0.9031446476755443,False,False,False,False
672,60m_panel_KR,상승 총영향: Σβ = 0 | 미래 RV h=1,0.7382843828348327,7.803896630778048,6.0024363725405664e-15,7.803896630778048,27.0,1.620657820585953e-13,1.620657820585953e-13,True,True,True,True
673,60m_panel_KR,하락 총영향: Σβ = 0 | 미래 RV h=1,0.6110415841753551,4.333904887765795,1.4648748347690142e-05,4.333904887765795,27.0,0.00026367747025842256,3.955162053876338e-05,True,True,True,True
674,60m_panel_KR,합계: Σβ⁻ − Σβ⁺ | 미래 RV h=1,-0.1272427986594774,-0.5851755866656086,0.5584296585872833,0.5851755866656086,27.0,1.0,0.7538800390928324,False,False,False,False
675,60m_panel_KR,상승 총영향: Σβ = 0 | 미래 RSp h=5,0.3079721949042198,6.322754791226836,2.569408641764674e-10,6.322754791226836,27.0,6.166580740235217e-09,1.7343508331911547e-09,True,True,True,True
676,60m_panel_KR,하락 총영향: Σβ = 0 | 미래 RSp h=5,0.2662509454663144,3.0140625954542246,0.0025777461548148,3.0140625954542246,27.0,0.0335107000125924,0.00463994307866664,True,True,True,True
677,60m_panel_KR,합계: Σβ⁻ − Σβ⁺ | 미래 RSp h=5,-0.0417212494379053,-0.3392613321012813,0.7344128695644616,0.3392613321012813,27.0,1.0,0.9013248853745666,False,False,False,False
678,60m_panel_KR,상승 총영향: Σβ = 0 | 미래 RSn h=5,0.3180357438453082,5.4661428646065096,4.5993369461536383e-08,5.4661428646065096,27.0,9.65860758692264e-07,1.7740299649449747e-07,True,True,True,True
679,60m_panel_KR,하락 총영향: Σβ = 0 | 미래 RSn h=5,0.3149912816025152,3.7022800426264304,0.0002136705820105,3.7022800426264304,27.0,0.0032050587301574998,0.00044377736263719226,True,True,True,True
680,60m_panel_KR,합계: Σβ⁻ − Σβ⁺ | 미래 RSn h=5,-0.0030444622427929,-0.02401799064442778,0.9808382583870984,0.02401799064442778,27.0,1.0,0.9808382583870983,False,False,False,False
681,60m_panel_KR,상승 총영향: Σβ = 0 | 미래 RV h=5,0.6260079387495281,6.662085373542124,2.6996911553530578e-11,6.662085373542124,27.0,6.749227888382644e-10,2.429722039817752e-10,True,True,True,True
682,60m_panel_KR,하락 총영향: Σβ = 0 | 미래 RV h=5,0.5812422270688299,3.5962069570513777,0.0003228909471645,3.5962069570513777,27.0,0.004520473260303,0.0006227182552458214,True,True,True,True
683,60m_panel_KR,합계: Σβ⁻ − Σβ⁺ | 미래 RV h=5,-0.0447657116806982,-0.1891299476461605,0.8499909702152274,0.1891299476461605,27.0,1.0,0.9179902478324456,False,False,False,False
684,60m_panel_KR,상승 총영향: Σβ = 0 | 미래 RSp h=22,0.2029423993801786,5.783810470206699,7.302721711358187e-09,5.783810470206699,27.0,1.679625993612383e-07,3.9434697241334213e-08,True,True,True,True
685,60m_panel_KR,하락 총영향: Σβ = 0 | 미래 RSp h=22,0.2077111068166417,2.3979150985610693,0.016488686575978,2.3979150985610693,27.0,0.16488686575978,0.024733029863967002,True,False,True,False
686,60m_panel_KR,합계: Σβ⁻ − Σβ⁺ | 미래 RSp h=22,0.0047687074364631,0.041494796320843484,0.9669014412174404,0.041494796320843484,27.0,1.0,0.9808382583870983,False,False,False,False
687,60m_panel_KR,상승 총영향: Σβ = 0 | 미래 RSn h=22,0.2414457679921543,4.852757192450145,1.2175672683950562e-06,4.852757192450145,27.0,2.3133778099506068e-05,3.652701805185169e-06,True,True,True,True
688,60m_panel_KR,하락 총영향: Σβ = 0 | 미래 RSn h=22,0.2957404097685965,2.9133975547937916,0.0035751912303694,2.9133975547937916,27.0,0.0429022947644328,0.006033135201248362,True,True,True,False
689,60m_panel_KR,합계: Σβ⁻ − Σβ⁺ | 미래 RSn h=22,0.0542946417764422,0.3796428026220082,0.704210583527021,0.3796428026220082,27.0,1.0,0.9013248853745666,False,False,False,False
690,60m_panel_KR,상승 총영향: Σβ = 0 | 미래 RV h=22,0.4443881673723331,5.3299495042059775,9.824007777929469e-08,5.3299495042059775,27.0,1.9648015555858936e-06,3.3156026250511956e-07,True,True,True,True
691,60m_panel_KR,하락 총영향: Σβ = 0 | 미래 RV h=22,0.5034515165852387,2.710603374281036,0.0067160909738112,2.710603374281036,27.0,0.0738770007119232,0.010666732723111905,True,False,True,False
692,60m_panel_KR,합계: Σβ⁻ − Σβ⁺ | 미래 RV h=22,0.0590633492129055,0.23116719713584696,0.8171849127487052,0.23116719713584696,27.0,1.0,0.9179902478324456,False,False,False,False
693,60m_panel_US,상승 총영향: Σβ = 0 | 미래 RSp h=1,0.0636149741255825,0.4522367523583764,0.6510984342626043,0.4522367523583764,27.0,1.0,0.7324857385454298,False,False,False,False
694,60m_panel_US,하락 총영향: Σβ = 0 | 미래 RSp h=1,0.7049374717826855,2.1698795002284936,0.0300159756877391,2.1698795002284936,27.0,0.5402875623793038,0.08104313435689556,True,False,False,False
695,60m_panel_US,합계: Σβ⁻ − Σβ⁺ | 미래 RSp h=1,0.6413224976571029,1.3958969571926285,0.1627455270921307,1.3958969571926285,27.0,1.0,0.24420845847626518,False,False,False,False
696,60m_panel_US,상승 총영향: Σβ = 0 | 미래 RSn h=1,0.2075705895173309,3.3448713605783285,0.0008232074210556,3.3448713605783285,27.0,0.02058018552639,0.007408866789500399,True,True,True,True
697,60m_panel_US,하락 총영향: Σβ = 0 | 미래 RSn h=1,0.3087390118165548,4.1540801715435665,3.2659865980671016e-05,4.1540801715435665,27.0,0.0008818163814781174,0.0008818163814781174,True,True,True,True
698,60m_panel_US,합계: Σβ⁻ − Σβ⁺ | 미래 RSn h=1,0.1011684222992238,0.8244285743863985,0.4096960843973015,0.8244285743863985,27.0,1.0,0.5028088308512336,False,False,False,False
699,60m_panel_US,상승 총영향: Σβ = 0 | 미래 RV h=1,0.2711855636429137,1.3956973954006293,0.1628056389841768,1.3956973954006293,27.0,1.0,0.24420845847626518,False,False,False,False
700,60m_panel_US,하락 총영향: Σβ = 0 | 미래 RV h=1,1.0136764835992405,2.6118768121840943,0.0090046694152434,2.6118768121840943,27.0,0.1890980577201114,0.03473229631593883,True,False,True,False
701,60m_panel_US,합계: Σβ⁻ − Σβ⁺ | 미래 RV h=1,0.7424909199563268,1.307748097439562,0.1909587637569225,1.307748097439562,27.0,1.0,0.27136245375983725,False,False,False,False
702,60m_panel_US,상승 총영향: Σβ = 0 | 미래 RSp h=5,0.0656898576892384,0.5850585271889842,0.5585083638335411,0.5850585271889842,27.0,1.0,0.655640253195896,False,False,False,False
703,60m_panel_US,하락 총영향: Σβ = 0 | 미래 RSp h=5,0.4677129301252246,2.6976513634523287,0.0069830530698838,2.6976513634523287,27.0,0.1536271675374436,0.0314237388144771,True,False,True,False
704,60m_panel_US,합계: Σβ⁻ − Σβ⁺ | 미래 RSp h=5,0.4020230724359861,1.5043050136370286,0.132502848748804,1.5043050136370286,27.0,1.0,0.24420845847626518,False,False,False,False
705,60m_panel_US,상승 총영향: Σβ = 0 | 미래 RSn h=5,0.0973674016790337,1.1646867368834848,0.2441458196004319,1.1646867368834848,27.0,1.0,0.32959685646058307,False,False,False,False
706,60m_panel_US,하락 총영향: Σβ = 0 | 미래 RSn h=5,0.3176665485399993,3.4952406988924056,0.00047363441632,3.4952406988924056,27.0,0.01231449482432,0.006394064620320001,True,True,True,True
707,60m_panel_US,합계: Σβ⁻ − Σβ⁺ | 미래 RSn h=5,0.2202991468609655,1.4010027516845767,0.161213250256074,1.4010027516845767,27.0,1.0,0.24420845847626518,False,False,False,False
708,60m_panel_US,상승 총영향: Σβ = 0 | 미래 RV h=5,0.1630572593682723,0.8436366326843916,0.3988724872677371,0.8436366326843916,27.0,1.0,0.5028088308512336,False,False,False,False
709,60m_panel_US,하락 총영향: Σβ = 0 | 미래 RV h=5,0.7853794786652237,3.0246574074430814,0.0024891490726258,3.0246574074430814,27.0,0.0597395777430192,0.01680175624022415,True,False,True,True
710,60m_panel_US,합계: Σβ⁻ − Σβ⁺ | 미래 RV h=5,0.6223222192969515,1.4871291493742071,0.1369807041121574,1.4871291493742071,27.0,1.0,0.24420845847626518,False,False,False,False
711,60m_panel_US,상승 총영향: Σβ = 0 | 미래 RSp h=22,-0.0610350372406852,-0.3974333869785434,0.691047899301611,0.3974333869785434,27.0,1.0,0.7463317312457398,False,False,False,False
712,60m_panel_US,하락 총영향: Σβ = 0 | 미래 RSp h=22,0.4553942266956036,2.252535579696479,0.0242884469101422,2.252535579696479,27.0,0.4614804912927018,0.0728653407304266,True,False,False,False
713,60m_panel_US,합계: Σβ⁻ − Σβ⁺ | 미래 RSp h=22,0.5164292639362889,1.530677333560112,0.1258491584024708,1.530677333560112,27.0,1.0,0.24420845847626518,False,False,False,False
714,60m_panel_US,상승 총영향: Σβ = 0 | 미래 RSn h=22,-0.0161873317651181,-0.14272711940049965,0.886505697802576,0.14272711940049965,27.0,1.0,0.886505697802576,False,False,False,False
715,60m_panel_US,하락 총영향: Σβ = 0 | 미래 RSn h=22,0.3222562934302999,2.8958819525081045,0.0037809459924513,2.8958819525081045,27.0,0.0869617578263799,0.02041710835923702,True,False,True,False
716,60m_panel_US,합계: Σβ⁻ − Σβ⁺ | 미래 RSn h=22,0.338443625195418,1.6521907067242319,0.0984956803366159,1.6521907067242319,27.0,1.0,0.24176212446260267,False,False,False,False
717,60m_panel_US,상승 총영향: Σβ = 0 | 미래 RV h=22,-0.0772223690058033,-0.29048707734547446,0.7714436355697019,0.29048707734547446,27.0,1.0,0.801114544630075,False,False,False,False
718,60m_panel_US,하락 총영향: Σβ = 0 | 미래 RV h=22,0.7776505201259036,2.498647416769936,0.0124668278673442,2.498647416769936,27.0,0.24933655734688398,0.042075544052286674,True,False,True,False
719,60m_panel_US,합계: Σβ⁻ − Σβ⁺ | 미래 RV h=22,0.854872889131707,1.5841818617763215,0.1131523396823438,1.5841818617763215,27.0,1.0,0.24420845847626518,False,False,False,False
